INSERT INTO Course (id, name, word_count, progress) VALUES (1, 'TOEIC', 0, 0);
INSERT INTO Course (id, name, word_count, progress) VALUES (2, 'TOEFL', 0, 0);
INSERT INTO Course (id, name, word_count, progress) VALUES (3, 'SAT', 0, 0);
INSERT INTO Course (id, name, word_count, progress) VALUES (4, 'Tiếng Anh cơ bản', 0, 0);
INSERT INTO Topic (id, course_id, name, word_count) VALUES (1, 1, 'Chủ đề 1 của khóa 1', 0);
INSERT INTO Topic (id, course_id, name, word_count) VALUES (2, 1, 'Chủ đề 2 của khóa 1', 0);
INSERT INTO Topic (id, course_id, name, word_count) VALUES (3, 1, 'Chủ đề 3 của khóa 1', 0);
INSERT INTO Topic (id, course_id, name, word_count) VALUES (4, 1, 'Chủ đề 4 của khóa 1', 0);
INSERT INTO Topic (id, course_id, name, word_count) VALUES (5, 1, 'Chủ đề 5 của khóa 1', 0);
INSERT INTO Topic (id, course_id, name, word_count) VALUES (6, 1, 'Chủ đề 6 của khóa 1', 0);
INSERT INTO Topic (id, course_id, name, word_count) VALUES (7, 1, 'Chủ đề 7 của khóa 1', 0);
INSERT INTO Topic (id, course_id, name, word_count) VALUES (8, 1, 'Chủ đề 8 của khóa 1', 0);
INSERT INTO Topic (id, course_id, name, word_count) VALUES (9, 1, 'Chủ đề 9 của khóa 1', 0);
INSERT INTO Topic (id, course_id, name, word_count) VALUES (10, 1, 'Chủ đề 10 của khóa 1', 0);
INSERT INTO Topic (id, course_id, name, word_count) VALUES (11, 2, 'Chủ đề 1 của khóa 2', 0);
INSERT INTO Topic (id, course_id, name, word_count) VALUES (12, 2, 'Chủ đề 2 của khóa 2', 0);
INSERT INTO Topic (id, course_id, name, word_count) VALUES (13, 2, 'Chủ đề 3 của khóa 2', 0);
INSERT INTO Topic (id, course_id, name, word_count) VALUES (14, 2, 'Chủ đề 4 của khóa 2', 0);
INSERT INTO Topic (id, course_id, name, word_count) VALUES (15, 2, 'Chủ đề 5 của khóa 2', 0);
INSERT INTO Topic (id, course_id, name, word_count) VALUES (16, 2, 'Chủ đề 6 của khóa 2', 0);
INSERT INTO Topic (id, course_id, name, word_count) VALUES (17, 2, 'Chủ đề 7 của khóa 2', 0);
INSERT INTO Topic (id, course_id, name, word_count) VALUES (18, 2, 'Chủ đề 8 của khóa 2', 0);
INSERT INTO Topic (id, course_id, name, word_count) VALUES (19, 2, 'Chủ đề 9 của khóa 2', 0);
INSERT INTO Topic (id, course_id, name, word_count) VALUES (20, 2, 'Chủ đề 10 của khóa 2', 0);
INSERT INTO Topic (id, course_id, name, word_count) VALUES (21, 3, 'Chủ đề 1 của khóa 3', 0);
INSERT INTO Topic (id, course_id, name, word_count) VALUES (22, 3, 'Chủ đề 2 của khóa 3', 0);
INSERT INTO Topic (id, course_id, name, word_count) VALUES (23, 3, 'Chủ đề 3 của khóa 3', 0);
INSERT INTO Topic (id, course_id, name, word_count) VALUES (24, 3, 'Chủ đề 4 của khóa 3', 0);
INSERT INTO Topic (id, course_id, name, word_count) VALUES (25, 3, 'Chủ đề 5 của khóa 3', 0);
INSERT INTO Topic (id, course_id, name, word_count) VALUES (26, 3, 'Chủ đề 6 của khóa 3', 0);
INSERT INTO Topic (id, course_id, name, word_count) VALUES (27, 3, 'Chủ đề 7 của khóa 3', 0);
INSERT INTO Topic (id, course_id, name, word_count) VALUES (28, 3, 'Chủ đề 8 của khóa 3', 0);
INSERT INTO Topic (id, course_id, name, word_count) VALUES (29, 3, 'Chủ đề 9 của khóa 3', 0);
INSERT INTO Topic (id, course_id, name, word_count) VALUES (30, 3, 'Chủ đề 10 của khóa 3', 0);
INSERT INTO Topic (id, course_id, name, word_count) VALUES (31, 4, 'Chủ đề 1 của khóa 4', 0);
INSERT INTO Topic (id, course_id, name, word_count) VALUES (32, 4, 'Chủ đề 2 của khóa 4', 0);
INSERT INTO Topic (id, course_id, name, word_count) VALUES (33, 4, 'Chủ đề 3 của khóa 4', 0);
INSERT INTO Topic (id, course_id, name, word_count) VALUES (34, 4, 'Chủ đề 4 của khóa 4', 0);
INSERT INTO Topic (id, course_id, name, word_count) VALUES (35, 4, 'Chủ đề 5 của khóa 4', 0);
INSERT INTO Topic (id, course_id, name, word_count) VALUES (36, 4, 'Chủ đề 6 của khóa 4', 0);
INSERT INTO Topic (id, course_id, name, word_count) VALUES (37, 4, 'Chủ đề 7 của khóa 4', 0);
INSERT INTO Topic (id, course_id, name, word_count) VALUES (38, 4, 'Chủ đề 8 của khóa 4', 0);
INSERT INTO Topic (id, course_id, name, word_count) VALUES (39, 4, 'Chủ đề 9 của khóa 4', 0);
INSERT INTO Topic (id, course_id, name, word_count) VALUES (40, 4, 'Chủ đề 10 của khóa 4', 0);
INSERT INTO Vocabulary (id, topic_id, word, definition, example, meaning_vi, sound) VALUES (1, 1, 'Word1', 'Definition of Word1', 'Example of Word1', 'Nghĩa tiếng Việt của Word1', 'word1.mp3');
INSERT INTO Vocabulary (id, topic_id, word, definition, example, meaning_vi, sound) VALUES (2, 1, 'Word2', 'Definition of Word2', 'Example of Word2', 'Nghĩa tiếng Việt của Word2', 'word2.mp3');
INSERT INTO Vocabulary (id, topic_id, word, definition, example, meaning_vi, sound) VALUES (3, 1, 'Word3', 'Definition of Word3', 'Example of Word3', 'Nghĩa tiếng Việt của Word3', 'word3.mp3');
INSERT INTO Vocabulary (id, topic_id, word, definition, example, meaning_vi, sound) VALUES (4, 1, 'Word4', 'Definition of Word4', 'Example of Word4', 'Nghĩa tiếng Việt của Word4', 'word4.mp3');
INSERT INTO Vocabulary (id, topic_id, word, definition, example, meaning_vi, sound) VALUES (5, 1, 'Word5', 'Definition of Word5', 'Example of Word5', 'Nghĩa tiếng Việt của Word5', 'word5.mp3');
INSERT INTO Vocabulary (id, topic_id, word, definition, example, meaning_vi, sound) VALUES (6, 1, 'Word6', 'Definition of Word6', 'Example of Word6', 'Nghĩa tiếng Việt của Word6', 'word6.mp3');
INSERT INTO Vocabulary (id, topic_id, word, definition, example, meaning_vi, sound) VALUES (7, 1, 'Word7', 'Definition of Word7', 'Example of Word7', 'Nghĩa tiếng Việt của Word7', 'word7.mp3');
INSERT INTO Vocabulary (id, topic_id, word, definition, example, meaning_vi, sound) VALUES (8, 1, 'Word8', 'Definition of Word8', 'Example of Word8', 'Nghĩa tiếng Việt của Word8', 'word8.mp3');
INSERT INTO Vocabulary (id, topic_id, word, definition, example, meaning_vi, sound) VALUES (9, 1, 'Word9', 'Definition of Word9', 'Example of Word9', 'Nghĩa tiếng Việt của Word9', 'word9.mp3');
INSERT INTO Vocabulary (id, topic_id, word, definition, example, meaning_vi, sound) VALUES (10, 1, 'Word10', 'Definition of Word10', 'Example of Word10', 'Nghĩa tiếng Việt của Word10', 'word10.mp3');
INSERT INTO Vocabulary (id, topic_id, word, definition, example, meaning_vi, sound) VALUES (11, 2, 'Word11', 'Definition of Word11', 'Example of Word11', 'Nghĩa tiếng Việt của Word11', 'word11.mp3');
INSERT INTO Vocabulary (id, topic_id, word, definition, example, meaning_vi, sound) VALUES (12, 2, 'Word12', 'Definition of Word12', 'Example of Word12', 'Nghĩa tiếng Việt của Word12', 'word12.mp3');
INSERT INTO Vocabulary (id, topic_id, word, definition, example, meaning_vi, sound) VALUES (13, 2, 'Word13', 'Definition of Word13', 'Example of Word13', 'Nghĩa tiếng Việt của Word13', 'word13.mp3');
INSERT INTO Vocabulary (id, topic_id, word, definition, example, meaning_vi, sound) VALUES (14, 2, 'Word14', 'Definition of Word14', 'Example of Word14', 'Nghĩa tiếng Việt của Word14', 'word14.mp3');
INSERT INTO Vocabulary (id, topic_id, word, definition, example, meaning_vi, sound) VALUES (15, 2, 'Word15', 'Definition of Word15', 'Example of Word15', 'Nghĩa tiếng Việt của Word15', 'word15.mp3');
INSERT INTO Vocabulary (id, topic_id, word, definition, example, meaning_vi, sound) VALUES (16, 2, 'Word16', 'Definition of Word16', 'Example of Word16', 'Nghĩa tiếng Việt của Word16', 'word16.mp3');
INSERT INTO Vocabulary (id, topic_id, word, definition, example, meaning_vi, sound) VALUES (17, 2, 'Word17', 'Definition of Word17', 'Example of Word17', 'Nghĩa tiếng Việt của Word17', 'word17.mp3');
INSERT INTO Vocabulary (id, topic_id, word, definition, example, meaning_vi, sound) VALUES (18, 2, 'Word18', 'Definition of Word18', 'Example of Word18', 'Nghĩa tiếng Việt của Word18', 'word18.mp3');
INSERT INTO Vocabulary (id, topic_id, word, definition, example, meaning_vi, sound) VALUES (19, 2, 'Word19', 'Definition of Word19', 'Example of Word19', 'Nghĩa tiếng Việt của Word19', 'word19.mp3');
INSERT INTO Vocabulary (id, topic_id, word, definition, example, meaning_vi, sound) VALUES (20, 2, 'Word20', 'Definition of Word20', 'Example of Word20', 'Nghĩa tiếng Việt của Word20', 'word20.mp3');
INSERT INTO Vocabulary (id, topic_id, word, definition, example, meaning_vi, sound) VALUES (21, 3, 'Word21', 'Definition of Word21', 'Example of Word21', 'Nghĩa tiếng Việt của Word21', 'word21.mp3');
INSERT INTO Vocabulary (id, topic_id, word, definition, example, meaning_vi, sound) VALUES (22, 3, 'Word22', 'Definition of Word22', 'Example of Word22', 'Nghĩa tiếng Việt của Word22', 'word22.mp3');
INSERT INTO Vocabulary (id, topic_id, word, definition, example, meaning_vi, sound) VALUES (23, 3, 'Word23', 'Definition of Word23', 'Example of Word23', 'Nghĩa tiếng Việt của Word23', 'word23.mp3');
INSERT INTO Vocabulary (id, topic_id, word, definition, example, meaning_vi, sound) VALUES (24, 3, 'Word24', 'Definition of Word24', 'Example of Word24', 'Nghĩa tiếng Việt của Word24', 'word24.mp3');
INSERT INTO Vocabulary (id, topic_id, word, definition, example, meaning_vi, sound) VALUES (25, 3, 'Word25', 'Definition of Word25', 'Example of Word25', 'Nghĩa tiếng Việt của Word25', 'word25.mp3');
INSERT INTO Vocabulary (id, topic_id, word, definition, example, meaning_vi, sound) VALUES (26, 3, 'Word26', 'Definition of Word26', 'Example of Word26', 'Nghĩa tiếng Việt của Word26', 'word26.mp3');
INSERT INTO Vocabulary (id, topic_id, word, definition, example, meaning_vi, sound) VALUES (27, 3, 'Word27', 'Definition of Word27', 'Example of Word27', 'Nghĩa tiếng Việt của Word27', 'word27.mp3');
INSERT INTO Vocabulary (id, topic_id, word, definition, example, meaning_vi, sound) VALUES (28, 3, 'Word28', 'Definition of Word28', 'Example of Word28', 'Nghĩa tiếng Việt của Word28', 'word28.mp3');
INSERT INTO Vocabulary (id, topic_id, word, definition, example, meaning_vi, sound) VALUES (29, 3, 'Word29', 'Definition of Word29', 'Example of Word29', 'Nghĩa tiếng Việt của Word29', 'word29.mp3');
INSERT INTO Vocabulary (id, topic_id, word, definition, example, meaning_vi, sound) VALUES (30, 3, 'Word30', 'Definition of Word30', 'Example of Word30', 'Nghĩa tiếng Việt của Word30', 'word30.mp3');
INSERT INTO Vocabulary (id, topic_id, word, definition, example, meaning_vi, sound) VALUES (31, 4, 'Word31', 'Definition of Word31', 'Example of Word31', 'Nghĩa tiếng Việt của Word31', 'word31.mp3');
INSERT INTO Vocabulary (id, topic_id, word, definition, example, meaning_vi, sound) VALUES (32, 4, 'Word32', 'Definition of Word32', 'Example of Word32', 'Nghĩa tiếng Việt của Word32', 'word32.mp3');
INSERT INTO Vocabulary (id, topic_id, word, definition, example, meaning_vi, sound) VALUES (33, 4, 'Word33', 'Definition of Word33', 'Example of Word33', 'Nghĩa tiếng Việt của Word33', 'word33.mp3');
INSERT INTO Vocabulary (id, topic_id, word, definition, example, meaning_vi, sound) VALUES (34, 4, 'Word34', 'Definition of Word34', 'Example of Word34', 'Nghĩa tiếng Việt của Word34', 'word34.mp3');
INSERT INTO Vocabulary (id, topic_id, word, definition, example, meaning_vi, sound) VALUES (35, 4, 'Word35', 'Definition of Word35', 'Example of Word35', 'Nghĩa tiếng Việt của Word35', 'word35.mp3');
INSERT INTO Vocabulary (id, topic_id, word, definition, example, meaning_vi, sound) VALUES (36, 4, 'Word36', 'Definition of Word36', 'Example of Word36', 'Nghĩa tiếng Việt của Word36', 'word36.mp3');
INSERT INTO Vocabulary (id, topic_id, word, definition, example, meaning_vi, sound) VALUES (37, 4, 'Word37', 'Definition of Word37', 'Example of Word37', 'Nghĩa tiếng Việt của Word37', 'word37.mp3');
INSERT INTO Vocabulary (id, topic_id, word, definition, example, meaning_vi, sound) VALUES (38, 4, 'Word38', 'Definition of Word38', 'Example of Word38', 'Nghĩa tiếng Việt của Word38', 'word38.mp3');
INSERT INTO Vocabulary (id, topic_id, word, definition, example, meaning_vi, sound) VALUES (39, 4, 'Word39', 'Definition of Word39', 'Example of Word39', 'Nghĩa tiếng Việt của Word39', 'word39.mp3');
INSERT INTO Vocabulary (id, topic_id, word, definition, example, meaning_vi, sound) VALUES (40, 4, 'Word40', 'Definition of Word40', 'Example of Word40', 'Nghĩa tiếng Việt của Word40', 'word40.mp3');
INSERT INTO Vocabulary (id, topic_id, word, definition, example, meaning_vi, sound) VALUES (41, 5, 'Word41', 'Definition of Word41', 'Example of Word41', 'Nghĩa tiếng Việt của Word41', 'word41.mp3');
INSERT INTO Vocabulary (id, topic_id, word, definition, example, meaning_vi, sound) VALUES (42, 5, 'Word42', 'Definition of Word42', 'Example of Word42', 'Nghĩa tiếng Việt của Word42', 'word42.mp3');
INSERT INTO Vocabulary (id, topic_id, word, definition, example, meaning_vi, sound) VALUES (43, 5, 'Word43', 'Definition of Word43', 'Example of Word43', 'Nghĩa tiếng Việt của Word43', 'word43.mp3');
INSERT INTO Vocabulary (id, topic_id, word, definition, example, meaning_vi, sound) VALUES (44, 5, 'Word44', 'Definition of Word44', 'Example of Word44', 'Nghĩa tiếng Việt của Word44', 'word44.mp3');
INSERT INTO Vocabulary (id, topic_id, word, definition, example, meaning_vi, sound) VALUES (45, 5, 'Word45', 'Definition of Word45', 'Example of Word45', 'Nghĩa tiếng Việt của Word45', 'word45.mp3');
INSERT INTO Vocabulary (id, topic_id, word, definition, example, meaning_vi, sound) VALUES (46, 5, 'Word46', 'Definition of Word46', 'Example of Word46', 'Nghĩa tiếng Việt của Word46', 'word46.mp3');
INSERT INTO Vocabulary (id, topic_id, word, definition, example, meaning_vi, sound) VALUES (47, 5, 'Word47', 'Definition of Word47', 'Example of Word47', 'Nghĩa tiếng Việt của Word47', 'word47.mp3');
INSERT INTO Vocabulary (id, topic_id, word, definition, example, meaning_vi, sound) VALUES (48, 5, 'Word48', 'Definition of Word48', 'Example of Word48', 'Nghĩa tiếng Việt của Word48', 'word48.mp3');
INSERT INTO Vocabulary (id, topic_id, word, definition, example, meaning_vi, sound) VALUES (49, 5, 'Word49', 'Definition of Word49', 'Example of Word49', 'Nghĩa tiếng Việt của Word49', 'word49.mp3');
INSERT INTO Vocabulary (id, topic_id, word, definition, example, meaning_vi, sound) VALUES (50, 5, 'Word50', 'Definition of Word50', 'Example of Word50', 'Nghĩa tiếng Việt của Word50', 'word50.mp3');
INSERT INTO Vocabulary (id, topic_id, word, definition, example, meaning_vi, sound) VALUES (51, 6, 'Word51', 'Definition of Word51', 'Example of Word51', 'Nghĩa tiếng Việt của Word51', 'word51.mp3');
INSERT INTO Vocabulary (id, topic_id, word, definition, example, meaning_vi, sound) VALUES (52, 6, 'Word52', 'Definition of Word52', 'Example of Word52', 'Nghĩa tiếng Việt của Word52', 'word52.mp3');
INSERT INTO Vocabulary (id, topic_id, word, definition, example, meaning_vi, sound) VALUES (53, 6, 'Word53', 'Definition of Word53', 'Example of Word53', 'Nghĩa tiếng Việt của Word53', 'word53.mp3');
INSERT INTO Vocabulary (id, topic_id, word, definition, example, meaning_vi, sound) VALUES (54, 6, 'Word54', 'Definition of Word54', 'Example of Word54', 'Nghĩa tiếng Việt của Word54', 'word54.mp3');
INSERT INTO Vocabulary (id, topic_id, word, definition, example, meaning_vi, sound) VALUES (55, 6, 'Word55', 'Definition of Word55', 'Example of Word55', 'Nghĩa tiếng Việt của Word55', 'word55.mp3');
INSERT INTO Vocabulary (id, topic_id, word, definition, example, meaning_vi, sound) VALUES (56, 6, 'Word56', 'Definition of Word56', 'Example of Word56', 'Nghĩa tiếng Việt của Word56', 'word56.mp3');
INSERT INTO Vocabulary (id, topic_id, word, definition, example, meaning_vi, sound) VALUES (57, 6, 'Word57', 'Definition of Word57', 'Example of Word57', 'Nghĩa tiếng Việt của Word57', 'word57.mp3');
INSERT INTO Vocabulary (id, topic_id, word, definition, example, meaning_vi, sound) VALUES (58, 6, 'Word58', 'Definition of Word58', 'Example of Word58', 'Nghĩa tiếng Việt của Word58', 'word58.mp3');
INSERT INTO Vocabulary (id, topic_id, word, definition, example, meaning_vi, sound) VALUES (59, 6, 'Word59', 'Definition of Word59', 'Example of Word59', 'Nghĩa tiếng Việt của Word59', 'word59.mp3');
INSERT INTO Vocabulary (id, topic_id, word, definition, example, meaning_vi, sound) VALUES (60, 6, 'Word60', 'Definition of Word60', 'Example of Word60', 'Nghĩa tiếng Việt của Word60', 'word60.mp3');
INSERT INTO Vocabulary (id, topic_id, word, definition, example, meaning_vi, sound) VALUES (61, 7, 'Word61', 'Definition of Word61', 'Example of Word61', 'Nghĩa tiếng Việt của Word61', 'word61.mp3');
INSERT INTO Vocabulary (id, topic_id, word, definition, example, meaning_vi, sound) VALUES (62, 7, 'Word62', 'Definition of Word62', 'Example of Word62', 'Nghĩa tiếng Việt của Word62', 'word62.mp3');
INSERT INTO Vocabulary (id, topic_id, word, definition, example, meaning_vi, sound) VALUES (63, 7, 'Word63', 'Definition of Word63', 'Example of Word63', 'Nghĩa tiếng Việt của Word63', 'word63.mp3');
INSERT INTO Vocabulary (id, topic_id, word, definition, example, meaning_vi, sound) VALUES (64, 7, 'Word64', 'Definition of Word64', 'Example of Word64', 'Nghĩa tiếng Việt của Word64', 'word64.mp3');
INSERT INTO Vocabulary (id, topic_id, word, definition, example, meaning_vi, sound) VALUES (65, 7, 'Word65', 'Definition of Word65', 'Example of Word65', 'Nghĩa tiếng Việt của Word65', 'word65.mp3');
INSERT INTO Vocabulary (id, topic_id, word, definition, example, meaning_vi, sound) VALUES (66, 7, 'Word66', 'Definition of Word66', 'Example of Word66', 'Nghĩa tiếng Việt của Word66', 'word66.mp3');
INSERT INTO Vocabulary (id, topic_id, word, definition, example, meaning_vi, sound) VALUES (67, 7, 'Word67', 'Definition of Word67', 'Example of Word67', 'Nghĩa tiếng Việt của Word67', 'word67.mp3');
INSERT INTO Vocabulary (id, topic_id, word, definition, example, meaning_vi, sound) VALUES (68, 7, 'Word68', 'Definition of Word68', 'Example of Word68', 'Nghĩa tiếng Việt của Word68', 'word68.mp3');
INSERT INTO Vocabulary (id, topic_id, word, definition, example, meaning_vi, sound) VALUES (69, 7, 'Word69', 'Definition of Word69', 'Example of Word69', 'Nghĩa tiếng Việt của Word69', 'word69.mp3');
INSERT INTO Vocabulary (id, topic_id, word, definition, example, meaning_vi, sound) VALUES (70, 7, 'Word70', 'Definition of Word70', 'Example of Word70', 'Nghĩa tiếng Việt của Word70', 'word70.mp3');
INSERT INTO Vocabulary (id, topic_id, word, definition, example, meaning_vi, sound) VALUES (71, 8, 'Word71', 'Definition of Word71', 'Example of Word71', 'Nghĩa tiếng Việt của Word71', 'word71.mp3');
INSERT INTO Vocabulary (id, topic_id, word, definition, example, meaning_vi, sound) VALUES (72, 8, 'Word72', 'Definition of Word72', 'Example of Word72', 'Nghĩa tiếng Việt của Word72', 'word72.mp3');
INSERT INTO Vocabulary (id, topic_id, word, definition, example, meaning_vi, sound) VALUES (73, 8, 'Word73', 'Definition of Word73', 'Example of Word73', 'Nghĩa tiếng Việt của Word73', 'word73.mp3');
INSERT INTO Vocabulary (id, topic_id, word, definition, example, meaning_vi, sound) VALUES (74, 8, 'Word74', 'Definition of Word74', 'Example of Word74', 'Nghĩa tiếng Việt của Word74', 'word74.mp3');
INSERT INTO Vocabulary (id, topic_id, word, definition, example, meaning_vi, sound) VALUES (75, 8, 'Word75', 'Definition of Word75', 'Example of Word75', 'Nghĩa tiếng Việt của Word75', 'word75.mp3');
INSERT INTO Vocabulary (id, topic_id, word, definition, example, meaning_vi, sound) VALUES (76, 8, 'Word76', 'Definition of Word76', 'Example of Word76', 'Nghĩa tiếng Việt của Word76', 'word76.mp3');
INSERT INTO Vocabulary (id, topic_id, word, definition, example, meaning_vi, sound) VALUES (77, 8, 'Word77', 'Definition of Word77', 'Example of Word77', 'Nghĩa tiếng Việt của Word77', 'word77.mp3');
INSERT INTO Vocabulary (id, topic_id, word, definition, example, meaning_vi, sound) VALUES (78, 8, 'Word78', 'Definition of Word78', 'Example of Word78', 'Nghĩa tiếng Việt của Word78', 'word78.mp3');
INSERT INTO Vocabulary (id, topic_id, word, definition, example, meaning_vi, sound) VALUES (79, 8, 'Word79', 'Definition of Word79', 'Example of Word79', 'Nghĩa tiếng Việt của Word79', 'word79.mp3');
INSERT INTO Vocabulary (id, topic_id, word, definition, example, meaning_vi, sound) VALUES (80, 8, 'Word80', 'Definition of Word80', 'Example of Word80', 'Nghĩa tiếng Việt của Word80', 'word80.mp3');
INSERT INTO Vocabulary (id, topic_id, word, definition, example, meaning_vi, sound) VALUES (81, 9, 'Word81', 'Definition of Word81', 'Example of Word81', 'Nghĩa tiếng Việt của Word81', 'word81.mp3');
INSERT INTO Vocabulary (id, topic_id, word, definition, example, meaning_vi, sound) VALUES (82, 9, 'Word82', 'Definition of Word82', 'Example of Word82', 'Nghĩa tiếng Việt của Word82', 'word82.mp3');
INSERT INTO Vocabulary (id, topic_id, word, definition, example, meaning_vi, sound) VALUES (83, 9, 'Word83', 'Definition of Word83', 'Example of Word83', 'Nghĩa tiếng Việt của Word83', 'word83.mp3');
INSERT INTO Vocabulary (id, topic_id, word, definition, example, meaning_vi, sound) VALUES (84, 9, 'Word84', 'Definition of Word84', 'Example of Word84', 'Nghĩa tiếng Việt của Word84', 'word84.mp3');
INSERT INTO Vocabulary (id, topic_id, word, definition, example, meaning_vi, sound) VALUES (85, 9, 'Word85', 'Definition of Word85', 'Example of Word85', 'Nghĩa tiếng Việt của Word85', 'word85.mp3');
INSERT INTO Vocabulary (id, topic_id, word, definition, example, meaning_vi, sound) VALUES (86, 9, 'Word86', 'Definition of Word86', 'Example of Word86', 'Nghĩa tiếng Việt của Word86', 'word86.mp3');
INSERT INTO Vocabulary (id, topic_id, word, definition, example, meaning_vi, sound) VALUES (87, 9, 'Word87', 'Definition of Word87', 'Example of Word87', 'Nghĩa tiếng Việt của Word87', 'word87.mp3');
INSERT INTO Vocabulary (id, topic_id, word, definition, example, meaning_vi, sound) VALUES (88, 9, 'Word88', 'Definition of Word88', 'Example of Word88', 'Nghĩa tiếng Việt của Word88', 'word88.mp3');
INSERT INTO Vocabulary (id, topic_id, word, definition, example, meaning_vi, sound) VALUES (89, 9, 'Word89', 'Definition of Word89', 'Example of Word89', 'Nghĩa tiếng Việt của Word89', 'word89.mp3');
INSERT INTO Vocabulary (id, topic_id, word, definition, example, meaning_vi, sound) VALUES (90, 9, 'Word90', 'Definition of Word90', 'Example of Word90', 'Nghĩa tiếng Việt của Word90', 'word90.mp3');
INSERT INTO Vocabulary (id, topic_id, word, definition, example, meaning_vi, sound) VALUES (91, 10, 'Word91', 'Definition of Word91', 'Example of Word91', 'Nghĩa tiếng Việt của Word91', 'word91.mp3');
INSERT INTO Vocabulary (id, topic_id, word, definition, example, meaning_vi, sound) VALUES (92, 10, 'Word92', 'Definition of Word92', 'Example of Word92', 'Nghĩa tiếng Việt của Word92', 'word92.mp3');
INSERT INTO Vocabulary (id, topic_id, word, definition, example, meaning_vi, sound) VALUES (93, 10, 'Word93', 'Definition of Word93', 'Example of Word93', 'Nghĩa tiếng Việt của Word93', 'word93.mp3');
INSERT INTO Vocabulary (id, topic_id, word, definition, example, meaning_vi, sound) VALUES (94, 10, 'Word94', 'Definition of Word94', 'Example of Word94', 'Nghĩa tiếng Việt của Word94', 'word94.mp3');
INSERT INTO Vocabulary (id, topic_id, word, definition, example, meaning_vi, sound) VALUES (95, 10, 'Word95', 'Definition of Word95', 'Example of Word95', 'Nghĩa tiếng Việt của Word95', 'word95.mp3');
INSERT INTO Vocabulary (id, topic_id, word, definition, example, meaning_vi, sound) VALUES (96, 10, 'Word96', 'Definition of Word96', 'Example of Word96', 'Nghĩa tiếng Việt của Word96', 'word96.mp3');
INSERT INTO Vocabulary (id, topic_id, word, definition, example, meaning_vi, sound) VALUES (97, 10, 'Word97', 'Definition of Word97', 'Example of Word97', 'Nghĩa tiếng Việt của Word97', 'word97.mp3');
INSERT INTO Vocabulary (id, topic_id, word, definition, example, meaning_vi, sound) VALUES (98, 10, 'Word98', 'Definition of Word98', 'Example of Word98', 'Nghĩa tiếng Việt của Word98', 'word98.mp3');
INSERT INTO Vocabulary (id, topic_id, word, definition, example, meaning_vi, sound) VALUES (99, 10, 'Word99', 'Definition of Word99', 'Example of Word99', 'Nghĩa tiếng Việt của Word99', 'word99.mp3');
INSERT INTO Vocabulary (id, topic_id, word, definition, example, meaning_vi, sound) VALUES (100, 10, 'Word100', 'Definition of Word100', 'Example of Word100', 'Nghĩa tiếng Việt của Word100', 'word100.mp3');
INSERT INTO Vocabulary (id, topic_id, word, definition, example, meaning_vi, sound) VALUES (101, 11, 'Word101', 'Definition of Word101', 'Example of Word101', 'Nghĩa tiếng Việt của Word101', 'word101.mp3');
INSERT INTO Vocabulary (id, topic_id, word, definition, example, meaning_vi, sound) VALUES (102, 11, 'Word102', 'Definition of Word102', 'Example of Word102', 'Nghĩa tiếng Việt của Word102', 'word102.mp3');
INSERT INTO Vocabulary (id, topic_id, word, definition, example, meaning_vi, sound) VALUES (103, 11, 'Word103', 'Definition of Word103', 'Example of Word103', 'Nghĩa tiếng Việt của Word103', 'word103.mp3');
INSERT INTO Vocabulary (id, topic_id, word, definition, example, meaning_vi, sound) VALUES (104, 11, 'Word104', 'Definition of Word104', 'Example of Word104', 'Nghĩa tiếng Việt của Word104', 'word104.mp3');
INSERT INTO Vocabulary (id, topic_id, word, definition, example, meaning_vi, sound) VALUES (105, 11, 'Word105', 'Definition of Word105', 'Example of Word105', 'Nghĩa tiếng Việt của Word105', 'word105.mp3');
INSERT INTO Vocabulary (id, topic_id, word, definition, example, meaning_vi, sound) VALUES (106, 11, 'Word106', 'Definition of Word106', 'Example of Word106', 'Nghĩa tiếng Việt của Word106', 'word106.mp3');
INSERT INTO Vocabulary (id, topic_id, word, definition, example, meaning_vi, sound) VALUES (107, 11, 'Word107', 'Definition of Word107', 'Example of Word107', 'Nghĩa tiếng Việt của Word107', 'word107.mp3');
INSERT INTO Vocabulary (id, topic_id, word, definition, example, meaning_vi, sound) VALUES (108, 11, 'Word108', 'Definition of Word108', 'Example of Word108', 'Nghĩa tiếng Việt của Word108', 'word108.mp3');
INSERT INTO Vocabulary (id, topic_id, word, definition, example, meaning_vi, sound) VALUES (109, 11, 'Word109', 'Definition of Word109', 'Example of Word109', 'Nghĩa tiếng Việt của Word109', 'word109.mp3');
INSERT INTO Vocabulary (id, topic_id, word, definition, example, meaning_vi, sound) VALUES (110, 11, 'Word110', 'Definition of Word110', 'Example of Word110', 'Nghĩa tiếng Việt của Word110', 'word110.mp3');
INSERT INTO Vocabulary (id, topic_id, word, definition, example, meaning_vi, sound) VALUES (111, 12, 'Word111', 'Definition of Word111', 'Example of Word111', 'Nghĩa tiếng Việt của Word111', 'word111.mp3');
INSERT INTO Vocabulary (id, topic_id, word, definition, example, meaning_vi, sound) VALUES (112, 12, 'Word112', 'Definition of Word112', 'Example of Word112', 'Nghĩa tiếng Việt của Word112', 'word112.mp3');
INSERT INTO Vocabulary (id, topic_id, word, definition, example, meaning_vi, sound) VALUES (113, 12, 'Word113', 'Definition of Word113', 'Example of Word113', 'Nghĩa tiếng Việt của Word113', 'word113.mp3');
INSERT INTO Vocabulary (id, topic_id, word, definition, example, meaning_vi, sound) VALUES (114, 12, 'Word114', 'Definition of Word114', 'Example of Word114', 'Nghĩa tiếng Việt của Word114', 'word114.mp3');
INSERT INTO Vocabulary (id, topic_id, word, definition, example, meaning_vi, sound) VALUES (115, 12, 'Word115', 'Definition of Word115', 'Example of Word115', 'Nghĩa tiếng Việt của Word115', 'word115.mp3');
INSERT INTO Vocabulary (id, topic_id, word, definition, example, meaning_vi, sound) VALUES (116, 12, 'Word116', 'Definition of Word116', 'Example of Word116', 'Nghĩa tiếng Việt của Word116', 'word116.mp3');
INSERT INTO Vocabulary (id, topic_id, word, definition, example, meaning_vi, sound) VALUES (117, 12, 'Word117', 'Definition of Word117', 'Example of Word117', 'Nghĩa tiếng Việt của Word117', 'word117.mp3');
INSERT INTO Vocabulary (id, topic_id, word, definition, example, meaning_vi, sound) VALUES (118, 12, 'Word118', 'Definition of Word118', 'Example of Word118', 'Nghĩa tiếng Việt của Word118', 'word118.mp3');
INSERT INTO Vocabulary (id, topic_id, word, definition, example, meaning_vi, sound) VALUES (119, 12, 'Word119', 'Definition of Word119', 'Example of Word119', 'Nghĩa tiếng Việt của Word119', 'word119.mp3');
INSERT INTO Vocabulary (id, topic_id, word, definition, example, meaning_vi, sound) VALUES (120, 12, 'Word120', 'Definition of Word120', 'Example of Word120', 'Nghĩa tiếng Việt của Word120', 'word120.mp3');
INSERT INTO Vocabulary (id, topic_id, word, definition, example, meaning_vi, sound) VALUES (121, 13, 'Word121', 'Definition of Word121', 'Example of Word121', 'Nghĩa tiếng Việt của Word121', 'word121.mp3');
INSERT INTO Vocabulary (id, topic_id, word, definition, example, meaning_vi, sound) VALUES (122, 13, 'Word122', 'Definition of Word122', 'Example of Word122', 'Nghĩa tiếng Việt của Word122', 'word122.mp3');
INSERT INTO Vocabulary (id, topic_id, word, definition, example, meaning_vi, sound) VALUES (123, 13, 'Word123', 'Definition of Word123', 'Example of Word123', 'Nghĩa tiếng Việt của Word123', 'word123.mp3');
INSERT INTO Vocabulary (id, topic_id, word, definition, example, meaning_vi, sound) VALUES (124, 13, 'Word124', 'Definition of Word124', 'Example of Word124', 'Nghĩa tiếng Việt của Word124', 'word124.mp3');
INSERT INTO Vocabulary (id, topic_id, word, definition, example, meaning_vi, sound) VALUES (125, 13, 'Word125', 'Definition of Word125', 'Example of Word125', 'Nghĩa tiếng Việt của Word125', 'word125.mp3');
INSERT INTO Vocabulary (id, topic_id, word, definition, example, meaning_vi, sound) VALUES (126, 13, 'Word126', 'Definition of Word126', 'Example of Word126', 'Nghĩa tiếng Việt của Word126', 'word126.mp3');
INSERT INTO Vocabulary (id, topic_id, word, definition, example, meaning_vi, sound) VALUES (127, 13, 'Word127', 'Definition of Word127', 'Example of Word127', 'Nghĩa tiếng Việt của Word127', 'word127.mp3');
INSERT INTO Vocabulary (id, topic_id, word, definition, example, meaning_vi, sound) VALUES (128, 13, 'Word128', 'Definition of Word128', 'Example of Word128', 'Nghĩa tiếng Việt của Word128', 'word128.mp3');
INSERT INTO Vocabulary (id, topic_id, word, definition, example, meaning_vi, sound) VALUES (129, 13, 'Word129', 'Definition of Word129', 'Example of Word129', 'Nghĩa tiếng Việt của Word129', 'word129.mp3');
INSERT INTO Vocabulary (id, topic_id, word, definition, example, meaning_vi, sound) VALUES (130, 13, 'Word130', 'Definition of Word130', 'Example of Word130', 'Nghĩa tiếng Việt của Word130', 'word130.mp3');
INSERT INTO Vocabulary (id, topic_id, word, definition, example, meaning_vi, sound) VALUES (131, 14, 'Word131', 'Definition of Word131', 'Example of Word131', 'Nghĩa tiếng Việt của Word131', 'word131.mp3');
INSERT INTO Vocabulary (id, topic_id, word, definition, example, meaning_vi, sound) VALUES (132, 14, 'Word132', 'Definition of Word132', 'Example of Word132', 'Nghĩa tiếng Việt của Word132', 'word132.mp3');
INSERT INTO Vocabulary (id, topic_id, word, definition, example, meaning_vi, sound) VALUES (133, 14, 'Word133', 'Definition of Word133', 'Example of Word133', 'Nghĩa tiếng Việt của Word133', 'word133.mp3');
INSERT INTO Vocabulary (id, topic_id, word, definition, example, meaning_vi, sound) VALUES (134, 14, 'Word134', 'Definition of Word134', 'Example of Word134', 'Nghĩa tiếng Việt của Word134', 'word134.mp3');
INSERT INTO Vocabulary (id, topic_id, word, definition, example, meaning_vi, sound) VALUES (135, 14, 'Word135', 'Definition of Word135', 'Example of Word135', 'Nghĩa tiếng Việt của Word135', 'word135.mp3');
INSERT INTO Vocabulary (id, topic_id, word, definition, example, meaning_vi, sound) VALUES (136, 14, 'Word136', 'Definition of Word136', 'Example of Word136', 'Nghĩa tiếng Việt của Word136', 'word136.mp3');
INSERT INTO Vocabulary (id, topic_id, word, definition, example, meaning_vi, sound) VALUES (137, 14, 'Word137', 'Definition of Word137', 'Example of Word137', 'Nghĩa tiếng Việt của Word137', 'word137.mp3');
INSERT INTO Vocabulary (id, topic_id, word, definition, example, meaning_vi, sound) VALUES (138, 14, 'Word138', 'Definition of Word138', 'Example of Word138', 'Nghĩa tiếng Việt của Word138', 'word138.mp3');
INSERT INTO Vocabulary (id, topic_id, word, definition, example, meaning_vi, sound) VALUES (139, 14, 'Word139', 'Definition of Word139', 'Example of Word139', 'Nghĩa tiếng Việt của Word139', 'word139.mp3');
INSERT INTO Vocabulary (id, topic_id, word, definition, example, meaning_vi, sound) VALUES (140, 14, 'Word140', 'Definition of Word140', 'Example of Word140', 'Nghĩa tiếng Việt của Word140', 'word140.mp3');
INSERT INTO Vocabulary (id, topic_id, word, definition, example, meaning_vi, sound) VALUES (141, 15, 'Word141', 'Definition of Word141', 'Example of Word141', 'Nghĩa tiếng Việt của Word141', 'word141.mp3');
INSERT INTO Vocabulary (id, topic_id, word, definition, example, meaning_vi, sound) VALUES (142, 15, 'Word142', 'Definition of Word142', 'Example of Word142', 'Nghĩa tiếng Việt của Word142', 'word142.mp3');
INSERT INTO Vocabulary (id, topic_id, word, definition, example, meaning_vi, sound) VALUES (143, 15, 'Word143', 'Definition of Word143', 'Example of Word143', 'Nghĩa tiếng Việt của Word143', 'word143.mp3');
INSERT INTO Vocabulary (id, topic_id, word, definition, example, meaning_vi, sound) VALUES (144, 15, 'Word144', 'Definition of Word144', 'Example of Word144', 'Nghĩa tiếng Việt của Word144', 'word144.mp3');
INSERT INTO Vocabulary (id, topic_id, word, definition, example, meaning_vi, sound) VALUES (145, 15, 'Word145', 'Definition of Word145', 'Example of Word145', 'Nghĩa tiếng Việt của Word145', 'word145.mp3');
INSERT INTO Vocabulary (id, topic_id, word, definition, example, meaning_vi, sound) VALUES (146, 15, 'Word146', 'Definition of Word146', 'Example of Word146', 'Nghĩa tiếng Việt của Word146', 'word146.mp3');
INSERT INTO Vocabulary (id, topic_id, word, definition, example, meaning_vi, sound) VALUES (147, 15, 'Word147', 'Definition of Word147', 'Example of Word147', 'Nghĩa tiếng Việt của Word147', 'word147.mp3');
INSERT INTO Vocabulary (id, topic_id, word, definition, example, meaning_vi, sound) VALUES (148, 15, 'Word148', 'Definition of Word148', 'Example of Word148', 'Nghĩa tiếng Việt của Word148', 'word148.mp3');
INSERT INTO Vocabulary (id, topic_id, word, definition, example, meaning_vi, sound) VALUES (149, 15, 'Word149', 'Definition of Word149', 'Example of Word149', 'Nghĩa tiếng Việt của Word149', 'word149.mp3');
INSERT INTO Vocabulary (id, topic_id, word, definition, example, meaning_vi, sound) VALUES (150, 15, 'Word150', 'Definition of Word150', 'Example of Word150', 'Nghĩa tiếng Việt của Word150', 'word150.mp3');
INSERT INTO Vocabulary (id, topic_id, word, definition, example, meaning_vi, sound) VALUES (151, 16, 'Word151', 'Definition of Word151', 'Example of Word151', 'Nghĩa tiếng Việt của Word151', 'word151.mp3');
INSERT INTO Vocabulary (id, topic_id, word, definition, example, meaning_vi, sound) VALUES (152, 16, 'Word152', 'Definition of Word152', 'Example of Word152', 'Nghĩa tiếng Việt của Word152', 'word152.mp3');
INSERT INTO Vocabulary (id, topic_id, word, definition, example, meaning_vi, sound) VALUES (153, 16, 'Word153', 'Definition of Word153', 'Example of Word153', 'Nghĩa tiếng Việt của Word153', 'word153.mp3');
INSERT INTO Vocabulary (id, topic_id, word, definition, example, meaning_vi, sound) VALUES (154, 16, 'Word154', 'Definition of Word154', 'Example of Word154', 'Nghĩa tiếng Việt của Word154', 'word154.mp3');
INSERT INTO Vocabulary (id, topic_id, word, definition, example, meaning_vi, sound) VALUES (155, 16, 'Word155', 'Definition of Word155', 'Example of Word155', 'Nghĩa tiếng Việt của Word155', 'word155.mp3');
INSERT INTO Vocabulary (id, topic_id, word, definition, example, meaning_vi, sound) VALUES (156, 16, 'Word156', 'Definition of Word156', 'Example of Word156', 'Nghĩa tiếng Việt của Word156', 'word156.mp3');
INSERT INTO Vocabulary (id, topic_id, word, definition, example, meaning_vi, sound) VALUES (157, 16, 'Word157', 'Definition of Word157', 'Example of Word157', 'Nghĩa tiếng Việt của Word157', 'word157.mp3');
INSERT INTO Vocabulary (id, topic_id, word, definition, example, meaning_vi, sound) VALUES (158, 16, 'Word158', 'Definition of Word158', 'Example of Word158', 'Nghĩa tiếng Việt của Word158', 'word158.mp3');
INSERT INTO Vocabulary (id, topic_id, word, definition, example, meaning_vi, sound) VALUES (159, 16, 'Word159', 'Definition of Word159', 'Example of Word159', 'Nghĩa tiếng Việt của Word159', 'word159.mp3');
INSERT INTO Vocabulary (id, topic_id, word, definition, example, meaning_vi, sound) VALUES (160, 16, 'Word160', 'Definition of Word160', 'Example of Word160', 'Nghĩa tiếng Việt của Word160', 'word160.mp3');
INSERT INTO Vocabulary (id, topic_id, word, definition, example, meaning_vi, sound) VALUES (161, 17, 'Word161', 'Definition of Word161', 'Example of Word161', 'Nghĩa tiếng Việt của Word161', 'word161.mp3');
INSERT INTO Vocabulary (id, topic_id, word, definition, example, meaning_vi, sound) VALUES (162, 17, 'Word162', 'Definition of Word162', 'Example of Word162', 'Nghĩa tiếng Việt của Word162', 'word162.mp3');
INSERT INTO Vocabulary (id, topic_id, word, definition, example, meaning_vi, sound) VALUES (163, 17, 'Word163', 'Definition of Word163', 'Example of Word163', 'Nghĩa tiếng Việt của Word163', 'word163.mp3');
INSERT INTO Vocabulary (id, topic_id, word, definition, example, meaning_vi, sound) VALUES (164, 17, 'Word164', 'Definition of Word164', 'Example of Word164', 'Nghĩa tiếng Việt của Word164', 'word164.mp3');
INSERT INTO Vocabulary (id, topic_id, word, definition, example, meaning_vi, sound) VALUES (165, 17, 'Word165', 'Definition of Word165', 'Example of Word165', 'Nghĩa tiếng Việt của Word165', 'word165.mp3');
INSERT INTO Vocabulary (id, topic_id, word, definition, example, meaning_vi, sound) VALUES (166, 17, 'Word166', 'Definition of Word166', 'Example of Word166', 'Nghĩa tiếng Việt của Word166', 'word166.mp3');
INSERT INTO Vocabulary (id, topic_id, word, definition, example, meaning_vi, sound) VALUES (167, 17, 'Word167', 'Definition of Word167', 'Example of Word167', 'Nghĩa tiếng Việt của Word167', 'word167.mp3');
INSERT INTO Vocabulary (id, topic_id, word, definition, example, meaning_vi, sound) VALUES (168, 17, 'Word168', 'Definition of Word168', 'Example of Word168', 'Nghĩa tiếng Việt của Word168', 'word168.mp3');
INSERT INTO Vocabulary (id, topic_id, word, definition, example, meaning_vi, sound) VALUES (169, 17, 'Word169', 'Definition of Word169', 'Example of Word169', 'Nghĩa tiếng Việt của Word169', 'word169.mp3');
INSERT INTO Vocabulary (id, topic_id, word, definition, example, meaning_vi, sound) VALUES (170, 17, 'Word170', 'Definition of Word170', 'Example of Word170', 'Nghĩa tiếng Việt của Word170', 'word170.mp3');
INSERT INTO Vocabulary (id, topic_id, word, definition, example, meaning_vi, sound) VALUES (171, 18, 'Word171', 'Definition of Word171', 'Example of Word171', 'Nghĩa tiếng Việt của Word171', 'word171.mp3');
INSERT INTO Vocabulary (id, topic_id, word, definition, example, meaning_vi, sound) VALUES (172, 18, 'Word172', 'Definition of Word172', 'Example of Word172', 'Nghĩa tiếng Việt của Word172', 'word172.mp3');
INSERT INTO Vocabulary (id, topic_id, word, definition, example, meaning_vi, sound) VALUES (173, 18, 'Word173', 'Definition of Word173', 'Example of Word173', 'Nghĩa tiếng Việt của Word173', 'word173.mp3');
INSERT INTO Vocabulary (id, topic_id, word, definition, example, meaning_vi, sound) VALUES (174, 18, 'Word174', 'Definition of Word174', 'Example of Word174', 'Nghĩa tiếng Việt của Word174', 'word174.mp3');
INSERT INTO Vocabulary (id, topic_id, word, definition, example, meaning_vi, sound) VALUES (175, 18, 'Word175', 'Definition of Word175', 'Example of Word175', 'Nghĩa tiếng Việt của Word175', 'word175.mp3');
INSERT INTO Vocabulary (id, topic_id, word, definition, example, meaning_vi, sound) VALUES (176, 18, 'Word176', 'Definition of Word176', 'Example of Word176', 'Nghĩa tiếng Việt của Word176', 'word176.mp3');
INSERT INTO Vocabulary (id, topic_id, word, definition, example, meaning_vi, sound) VALUES (177, 18, 'Word177', 'Definition of Word177', 'Example of Word177', 'Nghĩa tiếng Việt của Word177', 'word177.mp3');
INSERT INTO Vocabulary (id, topic_id, word, definition, example, meaning_vi, sound) VALUES (178, 18, 'Word178', 'Definition of Word178', 'Example of Word178', 'Nghĩa tiếng Việt của Word178', 'word178.mp3');
INSERT INTO Vocabulary (id, topic_id, word, definition, example, meaning_vi, sound) VALUES (179, 18, 'Word179', 'Definition of Word179', 'Example of Word179', 'Nghĩa tiếng Việt của Word179', 'word179.mp3');
INSERT INTO Vocabulary (id, topic_id, word, definition, example, meaning_vi, sound) VALUES (180, 18, 'Word180', 'Definition of Word180', 'Example of Word180', 'Nghĩa tiếng Việt của Word180', 'word180.mp3');
INSERT INTO Vocabulary (id, topic_id, word, definition, example, meaning_vi, sound) VALUES (181, 19, 'Word181', 'Definition of Word181', 'Example of Word181', 'Nghĩa tiếng Việt của Word181', 'word181.mp3');
INSERT INTO Vocabulary (id, topic_id, word, definition, example, meaning_vi, sound) VALUES (182, 19, 'Word182', 'Definition of Word182', 'Example of Word182', 'Nghĩa tiếng Việt của Word182', 'word182.mp3');
INSERT INTO Vocabulary (id, topic_id, word, definition, example, meaning_vi, sound) VALUES (183, 19, 'Word183', 'Definition of Word183', 'Example of Word183', 'Nghĩa tiếng Việt của Word183', 'word183.mp3');
INSERT INTO Vocabulary (id, topic_id, word, definition, example, meaning_vi, sound) VALUES (184, 19, 'Word184', 'Definition of Word184', 'Example of Word184', 'Nghĩa tiếng Việt của Word184', 'word184.mp3');
INSERT INTO Vocabulary (id, topic_id, word, definition, example, meaning_vi, sound) VALUES (185, 19, 'Word185', 'Definition of Word185', 'Example of Word185', 'Nghĩa tiếng Việt của Word185', 'word185.mp3');
INSERT INTO Vocabulary (id, topic_id, word, definition, example, meaning_vi, sound) VALUES (186, 19, 'Word186', 'Definition of Word186', 'Example of Word186', 'Nghĩa tiếng Việt của Word186', 'word186.mp3');
INSERT INTO Vocabulary (id, topic_id, word, definition, example, meaning_vi, sound) VALUES (187, 19, 'Word187', 'Definition of Word187', 'Example of Word187', 'Nghĩa tiếng Việt của Word187', 'word187.mp3');
INSERT INTO Vocabulary (id, topic_id, word, definition, example, meaning_vi, sound) VALUES (188, 19, 'Word188', 'Definition of Word188', 'Example of Word188', 'Nghĩa tiếng Việt của Word188', 'word188.mp3');
INSERT INTO Vocabulary (id, topic_id, word, definition, example, meaning_vi, sound) VALUES (189, 19, 'Word189', 'Definition of Word189', 'Example of Word189', 'Nghĩa tiếng Việt của Word189', 'word189.mp3');
INSERT INTO Vocabulary (id, topic_id, word, definition, example, meaning_vi, sound) VALUES (190, 19, 'Word190', 'Definition of Word190', 'Example of Word190', 'Nghĩa tiếng Việt của Word190', 'word190.mp3');
INSERT INTO Vocabulary (id, topic_id, word, definition, example, meaning_vi, sound) VALUES (191, 20, 'Word191', 'Definition of Word191', 'Example of Word191', 'Nghĩa tiếng Việt của Word191', 'word191.mp3');
INSERT INTO Vocabulary (id, topic_id, word, definition, example, meaning_vi, sound) VALUES (192, 20, 'Word192', 'Definition of Word192', 'Example of Word192', 'Nghĩa tiếng Việt của Word192', 'word192.mp3');
INSERT INTO Vocabulary (id, topic_id, word, definition, example, meaning_vi, sound) VALUES (193, 20, 'Word193', 'Definition of Word193', 'Example of Word193', 'Nghĩa tiếng Việt của Word193', 'word193.mp3');
INSERT INTO Vocabulary (id, topic_id, word, definition, example, meaning_vi, sound) VALUES (194, 20, 'Word194', 'Definition of Word194', 'Example of Word194', 'Nghĩa tiếng Việt của Word194', 'word194.mp3');
INSERT INTO Vocabulary (id, topic_id, word, definition, example, meaning_vi, sound) VALUES (195, 20, 'Word195', 'Definition of Word195', 'Example of Word195', 'Nghĩa tiếng Việt của Word195', 'word195.mp3');
INSERT INTO Vocabulary (id, topic_id, word, definition, example, meaning_vi, sound) VALUES (196, 20, 'Word196', 'Definition of Word196', 'Example of Word196', 'Nghĩa tiếng Việt của Word196', 'word196.mp3');
INSERT INTO Vocabulary (id, topic_id, word, definition, example, meaning_vi, sound) VALUES (197, 20, 'Word197', 'Definition of Word197', 'Example of Word197', 'Nghĩa tiếng Việt của Word197', 'word197.mp3');
INSERT INTO Vocabulary (id, topic_id, word, definition, example, meaning_vi, sound) VALUES (198, 20, 'Word198', 'Definition of Word198', 'Example of Word198', 'Nghĩa tiếng Việt của Word198', 'word198.mp3');
INSERT INTO Vocabulary (id, topic_id, word, definition, example, meaning_vi, sound) VALUES (199, 20, 'Word199', 'Definition of Word199', 'Example of Word199', 'Nghĩa tiếng Việt của Word199', 'word199.mp3');
INSERT INTO Vocabulary (id, topic_id, word, definition, example, meaning_vi, sound) VALUES (200, 20, 'Word200', 'Definition of Word200', 'Example of Word200', 'Nghĩa tiếng Việt của Word200', 'word200.mp3');
INSERT INTO Vocabulary (id, topic_id, word, definition, example, meaning_vi, sound) VALUES (201, 21, 'Word201', 'Definition of Word201', 'Example of Word201', 'Nghĩa tiếng Việt của Word201', 'word201.mp3');
INSERT INTO Vocabulary (id, topic_id, word, definition, example, meaning_vi, sound) VALUES (202, 21, 'Word202', 'Definition of Word202', 'Example of Word202', 'Nghĩa tiếng Việt của Word202', 'word202.mp3');
INSERT INTO Vocabulary (id, topic_id, word, definition, example, meaning_vi, sound) VALUES (203, 21, 'Word203', 'Definition of Word203', 'Example of Word203', 'Nghĩa tiếng Việt của Word203', 'word203.mp3');
INSERT INTO Vocabulary (id, topic_id, word, definition, example, meaning_vi, sound) VALUES (204, 21, 'Word204', 'Definition of Word204', 'Example of Word204', 'Nghĩa tiếng Việt của Word204', 'word204.mp3');
INSERT INTO Vocabulary (id, topic_id, word, definition, example, meaning_vi, sound) VALUES (205, 21, 'Word205', 'Definition of Word205', 'Example of Word205', 'Nghĩa tiếng Việt của Word205', 'word205.mp3');
INSERT INTO Vocabulary (id, topic_id, word, definition, example, meaning_vi, sound) VALUES (206, 21, 'Word206', 'Definition of Word206', 'Example of Word206', 'Nghĩa tiếng Việt của Word206', 'word206.mp3');
INSERT INTO Vocabulary (id, topic_id, word, definition, example, meaning_vi, sound) VALUES (207, 21, 'Word207', 'Definition of Word207', 'Example of Word207', 'Nghĩa tiếng Việt của Word207', 'word207.mp3');
INSERT INTO Vocabulary (id, topic_id, word, definition, example, meaning_vi, sound) VALUES (208, 21, 'Word208', 'Definition of Word208', 'Example of Word208', 'Nghĩa tiếng Việt của Word208', 'word208.mp3');
INSERT INTO Vocabulary (id, topic_id, word, definition, example, meaning_vi, sound) VALUES (209, 21, 'Word209', 'Definition of Word209', 'Example of Word209', 'Nghĩa tiếng Việt của Word209', 'word209.mp3');
INSERT INTO Vocabulary (id, topic_id, word, definition, example, meaning_vi, sound) VALUES (210, 21, 'Word210', 'Definition of Word210', 'Example of Word210', 'Nghĩa tiếng Việt của Word210', 'word210.mp3');
INSERT INTO Vocabulary (id, topic_id, word, definition, example, meaning_vi, sound) VALUES (211, 22, 'Word211', 'Definition of Word211', 'Example of Word211', 'Nghĩa tiếng Việt của Word211', 'word211.mp3');
INSERT INTO Vocabulary (id, topic_id, word, definition, example, meaning_vi, sound) VALUES (212, 22, 'Word212', 'Definition of Word212', 'Example of Word212', 'Nghĩa tiếng Việt của Word212', 'word212.mp3');
INSERT INTO Vocabulary (id, topic_id, word, definition, example, meaning_vi, sound) VALUES (213, 22, 'Word213', 'Definition of Word213', 'Example of Word213', 'Nghĩa tiếng Việt của Word213', 'word213.mp3');
INSERT INTO Vocabulary (id, topic_id, word, definition, example, meaning_vi, sound) VALUES (214, 22, 'Word214', 'Definition of Word214', 'Example of Word214', 'Nghĩa tiếng Việt của Word214', 'word214.mp3');
INSERT INTO Vocabulary (id, topic_id, word, definition, example, meaning_vi, sound) VALUES (215, 22, 'Word215', 'Definition of Word215', 'Example of Word215', 'Nghĩa tiếng Việt của Word215', 'word215.mp3');
INSERT INTO Vocabulary (id, topic_id, word, definition, example, meaning_vi, sound) VALUES (216, 22, 'Word216', 'Definition of Word216', 'Example of Word216', 'Nghĩa tiếng Việt của Word216', 'word216.mp3');
INSERT INTO Vocabulary (id, topic_id, word, definition, example, meaning_vi, sound) VALUES (217, 22, 'Word217', 'Definition of Word217', 'Example of Word217', 'Nghĩa tiếng Việt của Word217', 'word217.mp3');
INSERT INTO Vocabulary (id, topic_id, word, definition, example, meaning_vi, sound) VALUES (218, 22, 'Word218', 'Definition of Word218', 'Example of Word218', 'Nghĩa tiếng Việt của Word218', 'word218.mp3');
INSERT INTO Vocabulary (id, topic_id, word, definition, example, meaning_vi, sound) VALUES (219, 22, 'Word219', 'Definition of Word219', 'Example of Word219', 'Nghĩa tiếng Việt của Word219', 'word219.mp3');
INSERT INTO Vocabulary (id, topic_id, word, definition, example, meaning_vi, sound) VALUES (220, 22, 'Word220', 'Definition of Word220', 'Example of Word220', 'Nghĩa tiếng Việt của Word220', 'word220.mp3');
INSERT INTO Vocabulary (id, topic_id, word, definition, example, meaning_vi, sound) VALUES (221, 23, 'Word221', 'Definition of Word221', 'Example of Word221', 'Nghĩa tiếng Việt của Word221', 'word221.mp3');
INSERT INTO Vocabulary (id, topic_id, word, definition, example, meaning_vi, sound) VALUES (222, 23, 'Word222', 'Definition of Word222', 'Example of Word222', 'Nghĩa tiếng Việt của Word222', 'word222.mp3');
INSERT INTO Vocabulary (id, topic_id, word, definition, example, meaning_vi, sound) VALUES (223, 23, 'Word223', 'Definition of Word223', 'Example of Word223', 'Nghĩa tiếng Việt của Word223', 'word223.mp3');
INSERT INTO Vocabulary (id, topic_id, word, definition, example, meaning_vi, sound) VALUES (224, 23, 'Word224', 'Definition of Word224', 'Example of Word224', 'Nghĩa tiếng Việt của Word224', 'word224.mp3');
INSERT INTO Vocabulary (id, topic_id, word, definition, example, meaning_vi, sound) VALUES (225, 23, 'Word225', 'Definition of Word225', 'Example of Word225', 'Nghĩa tiếng Việt của Word225', 'word225.mp3');
INSERT INTO Vocabulary (id, topic_id, word, definition, example, meaning_vi, sound) VALUES (226, 23, 'Word226', 'Definition of Word226', 'Example of Word226', 'Nghĩa tiếng Việt của Word226', 'word226.mp3');
INSERT INTO Vocabulary (id, topic_id, word, definition, example, meaning_vi, sound) VALUES (227, 23, 'Word227', 'Definition of Word227', 'Example of Word227', 'Nghĩa tiếng Việt của Word227', 'word227.mp3');
INSERT INTO Vocabulary (id, topic_id, word, definition, example, meaning_vi, sound) VALUES (228, 23, 'Word228', 'Definition of Word228', 'Example of Word228', 'Nghĩa tiếng Việt của Word228', 'word228.mp3');
INSERT INTO Vocabulary (id, topic_id, word, definition, example, meaning_vi, sound) VALUES (229, 23, 'Word229', 'Definition of Word229', 'Example of Word229', 'Nghĩa tiếng Việt của Word229', 'word229.mp3');
INSERT INTO Vocabulary (id, topic_id, word, definition, example, meaning_vi, sound) VALUES (230, 23, 'Word230', 'Definition of Word230', 'Example of Word230', 'Nghĩa tiếng Việt của Word230', 'word230.mp3');
INSERT INTO Vocabulary (id, topic_id, word, definition, example, meaning_vi, sound) VALUES (231, 24, 'Word231', 'Definition of Word231', 'Example of Word231', 'Nghĩa tiếng Việt của Word231', 'word231.mp3');
INSERT INTO Vocabulary (id, topic_id, word, definition, example, meaning_vi, sound) VALUES (232, 24, 'Word232', 'Definition of Word232', 'Example of Word232', 'Nghĩa tiếng Việt của Word232', 'word232.mp3');
INSERT INTO Vocabulary (id, topic_id, word, definition, example, meaning_vi, sound) VALUES (233, 24, 'Word233', 'Definition of Word233', 'Example of Word233', 'Nghĩa tiếng Việt của Word233', 'word233.mp3');
INSERT INTO Vocabulary (id, topic_id, word, definition, example, meaning_vi, sound) VALUES (234, 24, 'Word234', 'Definition of Word234', 'Example of Word234', 'Nghĩa tiếng Việt của Word234', 'word234.mp3');
INSERT INTO Vocabulary (id, topic_id, word, definition, example, meaning_vi, sound) VALUES (235, 24, 'Word235', 'Definition of Word235', 'Example of Word235', 'Nghĩa tiếng Việt của Word235', 'word235.mp3');
INSERT INTO Vocabulary (id, topic_id, word, definition, example, meaning_vi, sound) VALUES (236, 24, 'Word236', 'Definition of Word236', 'Example of Word236', 'Nghĩa tiếng Việt của Word236', 'word236.mp3');
INSERT INTO Vocabulary (id, topic_id, word, definition, example, meaning_vi, sound) VALUES (237, 24, 'Word237', 'Definition of Word237', 'Example of Word237', 'Nghĩa tiếng Việt của Word237', 'word237.mp3');
INSERT INTO Vocabulary (id, topic_id, word, definition, example, meaning_vi, sound) VALUES (238, 24, 'Word238', 'Definition of Word238', 'Example of Word238', 'Nghĩa tiếng Việt của Word238', 'word238.mp3');
INSERT INTO Vocabulary (id, topic_id, word, definition, example, meaning_vi, sound) VALUES (239, 24, 'Word239', 'Definition of Word239', 'Example of Word239', 'Nghĩa tiếng Việt của Word239', 'word239.mp3');
INSERT INTO Vocabulary (id, topic_id, word, definition, example, meaning_vi, sound) VALUES (240, 24, 'Word240', 'Definition of Word240', 'Example of Word240', 'Nghĩa tiếng Việt của Word240', 'word240.mp3');
INSERT INTO Vocabulary (id, topic_id, word, definition, example, meaning_vi, sound) VALUES (241, 25, 'Word241', 'Definition of Word241', 'Example of Word241', 'Nghĩa tiếng Việt của Word241', 'word241.mp3');
INSERT INTO Vocabulary (id, topic_id, word, definition, example, meaning_vi, sound) VALUES (242, 25, 'Word242', 'Definition of Word242', 'Example of Word242', 'Nghĩa tiếng Việt của Word242', 'word242.mp3');
INSERT INTO Vocabulary (id, topic_id, word, definition, example, meaning_vi, sound) VALUES (243, 25, 'Word243', 'Definition of Word243', 'Example of Word243', 'Nghĩa tiếng Việt của Word243', 'word243.mp3');
INSERT INTO Vocabulary (id, topic_id, word, definition, example, meaning_vi, sound) VALUES (244, 25, 'Word244', 'Definition of Word244', 'Example of Word244', 'Nghĩa tiếng Việt của Word244', 'word244.mp3');
INSERT INTO Vocabulary (id, topic_id, word, definition, example, meaning_vi, sound) VALUES (245, 25, 'Word245', 'Definition of Word245', 'Example of Word245', 'Nghĩa tiếng Việt của Word245', 'word245.mp3');
INSERT INTO Vocabulary (id, topic_id, word, definition, example, meaning_vi, sound) VALUES (246, 25, 'Word246', 'Definition of Word246', 'Example of Word246', 'Nghĩa tiếng Việt của Word246', 'word246.mp3');
INSERT INTO Vocabulary (id, topic_id, word, definition, example, meaning_vi, sound) VALUES (247, 25, 'Word247', 'Definition of Word247', 'Example of Word247', 'Nghĩa tiếng Việt của Word247', 'word247.mp3');
INSERT INTO Vocabulary (id, topic_id, word, definition, example, meaning_vi, sound) VALUES (248, 25, 'Word248', 'Definition of Word248', 'Example of Word248', 'Nghĩa tiếng Việt của Word248', 'word248.mp3');
INSERT INTO Vocabulary (id, topic_id, word, definition, example, meaning_vi, sound) VALUES (249, 25, 'Word249', 'Definition of Word249', 'Example of Word249', 'Nghĩa tiếng Việt của Word249', 'word249.mp3');
INSERT INTO Vocabulary (id, topic_id, word, definition, example, meaning_vi, sound) VALUES (250, 25, 'Word250', 'Definition of Word250', 'Example of Word250', 'Nghĩa tiếng Việt của Word250', 'word250.mp3');
INSERT INTO Vocabulary (id, topic_id, word, definition, example, meaning_vi, sound) VALUES (251, 26, 'Word251', 'Definition of Word251', 'Example of Word251', 'Nghĩa tiếng Việt của Word251', 'word251.mp3');
INSERT INTO Vocabulary (id, topic_id, word, definition, example, meaning_vi, sound) VALUES (252, 26, 'Word252', 'Definition of Word252', 'Example of Word252', 'Nghĩa tiếng Việt của Word252', 'word252.mp3');
INSERT INTO Vocabulary (id, topic_id, word, definition, example, meaning_vi, sound) VALUES (253, 26, 'Word253', 'Definition of Word253', 'Example of Word253', 'Nghĩa tiếng Việt của Word253', 'word253.mp3');
INSERT INTO Vocabulary (id, topic_id, word, definition, example, meaning_vi, sound) VALUES (254, 26, 'Word254', 'Definition of Word254', 'Example of Word254', 'Nghĩa tiếng Việt của Word254', 'word254.mp3');
INSERT INTO Vocabulary (id, topic_id, word, definition, example, meaning_vi, sound) VALUES (255, 26, 'Word255', 'Definition of Word255', 'Example of Word255', 'Nghĩa tiếng Việt của Word255', 'word255.mp3');
INSERT INTO Vocabulary (id, topic_id, word, definition, example, meaning_vi, sound) VALUES (256, 26, 'Word256', 'Definition of Word256', 'Example of Word256', 'Nghĩa tiếng Việt của Word256', 'word256.mp3');
INSERT INTO Vocabulary (id, topic_id, word, definition, example, meaning_vi, sound) VALUES (257, 26, 'Word257', 'Definition of Word257', 'Example of Word257', 'Nghĩa tiếng Việt của Word257', 'word257.mp3');
INSERT INTO Vocabulary (id, topic_id, word, definition, example, meaning_vi, sound) VALUES (258, 26, 'Word258', 'Definition of Word258', 'Example of Word258', 'Nghĩa tiếng Việt của Word258', 'word258.mp3');
INSERT INTO Vocabulary (id, topic_id, word, definition, example, meaning_vi, sound) VALUES (259, 26, 'Word259', 'Definition of Word259', 'Example of Word259', 'Nghĩa tiếng Việt của Word259', 'word259.mp3');
INSERT INTO Vocabulary (id, topic_id, word, definition, example, meaning_vi, sound) VALUES (260, 26, 'Word260', 'Definition of Word260', 'Example of Word260', 'Nghĩa tiếng Việt của Word260', 'word260.mp3');
INSERT INTO Vocabulary (id, topic_id, word, definition, example, meaning_vi, sound) VALUES (261, 27, 'Word261', 'Definition of Word261', 'Example of Word261', 'Nghĩa tiếng Việt của Word261', 'word261.mp3');
INSERT INTO Vocabulary (id, topic_id, word, definition, example, meaning_vi, sound) VALUES (262, 27, 'Word262', 'Definition of Word262', 'Example of Word262', 'Nghĩa tiếng Việt của Word262', 'word262.mp3');
INSERT INTO Vocabulary (id, topic_id, word, definition, example, meaning_vi, sound) VALUES (263, 27, 'Word263', 'Definition of Word263', 'Example of Word263', 'Nghĩa tiếng Việt của Word263', 'word263.mp3');
INSERT INTO Vocabulary (id, topic_id, word, definition, example, meaning_vi, sound) VALUES (264, 27, 'Word264', 'Definition of Word264', 'Example of Word264', 'Nghĩa tiếng Việt của Word264', 'word264.mp3');
INSERT INTO Vocabulary (id, topic_id, word, definition, example, meaning_vi, sound) VALUES (265, 27, 'Word265', 'Definition of Word265', 'Example of Word265', 'Nghĩa tiếng Việt của Word265', 'word265.mp3');
INSERT INTO Vocabulary (id, topic_id, word, definition, example, meaning_vi, sound) VALUES (266, 27, 'Word266', 'Definition of Word266', 'Example of Word266', 'Nghĩa tiếng Việt của Word266', 'word266.mp3');
INSERT INTO Vocabulary (id, topic_id, word, definition, example, meaning_vi, sound) VALUES (267, 27, 'Word267', 'Definition of Word267', 'Example of Word267', 'Nghĩa tiếng Việt của Word267', 'word267.mp3');
INSERT INTO Vocabulary (id, topic_id, word, definition, example, meaning_vi, sound) VALUES (268, 27, 'Word268', 'Definition of Word268', 'Example of Word268', 'Nghĩa tiếng Việt của Word268', 'word268.mp3');
INSERT INTO Vocabulary (id, topic_id, word, definition, example, meaning_vi, sound) VALUES (269, 27, 'Word269', 'Definition of Word269', 'Example of Word269', 'Nghĩa tiếng Việt của Word269', 'word269.mp3');
INSERT INTO Vocabulary (id, topic_id, word, definition, example, meaning_vi, sound) VALUES (270, 27, 'Word270', 'Definition of Word270', 'Example of Word270', 'Nghĩa tiếng Việt của Word270', 'word270.mp3');
INSERT INTO Vocabulary (id, topic_id, word, definition, example, meaning_vi, sound) VALUES (271, 28, 'Word271', 'Definition of Word271', 'Example of Word271', 'Nghĩa tiếng Việt của Word271', 'word271.mp3');
INSERT INTO Vocabulary (id, topic_id, word, definition, example, meaning_vi, sound) VALUES (272, 28, 'Word272', 'Definition of Word272', 'Example of Word272', 'Nghĩa tiếng Việt của Word272', 'word272.mp3');
INSERT INTO Vocabulary (id, topic_id, word, definition, example, meaning_vi, sound) VALUES (273, 28, 'Word273', 'Definition of Word273', 'Example of Word273', 'Nghĩa tiếng Việt của Word273', 'word273.mp3');
INSERT INTO Vocabulary (id, topic_id, word, definition, example, meaning_vi, sound) VALUES (274, 28, 'Word274', 'Definition of Word274', 'Example of Word274', 'Nghĩa tiếng Việt của Word274', 'word274.mp3');
INSERT INTO Vocabulary (id, topic_id, word, definition, example, meaning_vi, sound) VALUES (275, 28, 'Word275', 'Definition of Word275', 'Example of Word275', 'Nghĩa tiếng Việt của Word275', 'word275.mp3');
INSERT INTO Vocabulary (id, topic_id, word, definition, example, meaning_vi, sound) VALUES (276, 28, 'Word276', 'Definition of Word276', 'Example of Word276', 'Nghĩa tiếng Việt của Word276', 'word276.mp3');
INSERT INTO Vocabulary (id, topic_id, word, definition, example, meaning_vi, sound) VALUES (277, 28, 'Word277', 'Definition of Word277', 'Example of Word277', 'Nghĩa tiếng Việt của Word277', 'word277.mp3');
INSERT INTO Vocabulary (id, topic_id, word, definition, example, meaning_vi, sound) VALUES (278, 28, 'Word278', 'Definition of Word278', 'Example of Word278', 'Nghĩa tiếng Việt của Word278', 'word278.mp3');
INSERT INTO Vocabulary (id, topic_id, word, definition, example, meaning_vi, sound) VALUES (279, 28, 'Word279', 'Definition of Word279', 'Example of Word279', 'Nghĩa tiếng Việt của Word279', 'word279.mp3');
INSERT INTO Vocabulary (id, topic_id, word, definition, example, meaning_vi, sound) VALUES (280, 28, 'Word280', 'Definition of Word280', 'Example of Word280', 'Nghĩa tiếng Việt của Word280', 'word280.mp3');
INSERT INTO Vocabulary (id, topic_id, word, definition, example, meaning_vi, sound) VALUES (281, 29, 'Word281', 'Definition of Word281', 'Example of Word281', 'Nghĩa tiếng Việt của Word281', 'word281.mp3');
INSERT INTO Vocabulary (id, topic_id, word, definition, example, meaning_vi, sound) VALUES (282, 29, 'Word282', 'Definition of Word282', 'Example of Word282', 'Nghĩa tiếng Việt của Word282', 'word282.mp3');
INSERT INTO Vocabulary (id, topic_id, word, definition, example, meaning_vi, sound) VALUES (283, 29, 'Word283', 'Definition of Word283', 'Example of Word283', 'Nghĩa tiếng Việt của Word283', 'word283.mp3');
INSERT INTO Vocabulary (id, topic_id, word, definition, example, meaning_vi, sound) VALUES (284, 29, 'Word284', 'Definition of Word284', 'Example of Word284', 'Nghĩa tiếng Việt của Word284', 'word284.mp3');
INSERT INTO Vocabulary (id, topic_id, word, definition, example, meaning_vi, sound) VALUES (285, 29, 'Word285', 'Definition of Word285', 'Example of Word285', 'Nghĩa tiếng Việt của Word285', 'word285.mp3');
INSERT INTO Vocabulary (id, topic_id, word, definition, example, meaning_vi, sound) VALUES (286, 29, 'Word286', 'Definition of Word286', 'Example of Word286', 'Nghĩa tiếng Việt của Word286', 'word286.mp3');
INSERT INTO Vocabulary (id, topic_id, word, definition, example, meaning_vi, sound) VALUES (287, 29, 'Word287', 'Definition of Word287', 'Example of Word287', 'Nghĩa tiếng Việt của Word287', 'word287.mp3');
INSERT INTO Vocabulary (id, topic_id, word, definition, example, meaning_vi, sound) VALUES (288, 29, 'Word288', 'Definition of Word288', 'Example of Word288', 'Nghĩa tiếng Việt của Word288', 'word288.mp3');
INSERT INTO Vocabulary (id, topic_id, word, definition, example, meaning_vi, sound) VALUES (289, 29, 'Word289', 'Definition of Word289', 'Example of Word289', 'Nghĩa tiếng Việt của Word289', 'word289.mp3');
INSERT INTO Vocabulary (id, topic_id, word, definition, example, meaning_vi, sound) VALUES (290, 29, 'Word290', 'Definition of Word290', 'Example of Word290', 'Nghĩa tiếng Việt của Word290', 'word290.mp3');
INSERT INTO Vocabulary (id, topic_id, word, definition, example, meaning_vi, sound) VALUES (291, 30, 'Word291', 'Definition of Word291', 'Example of Word291', 'Nghĩa tiếng Việt của Word291', 'word291.mp3');
INSERT INTO Vocabulary (id, topic_id, word, definition, example, meaning_vi, sound) VALUES (292, 30, 'Word292', 'Definition of Word292', 'Example of Word292', 'Nghĩa tiếng Việt của Word292', 'word292.mp3');
INSERT INTO Vocabulary (id, topic_id, word, definition, example, meaning_vi, sound) VALUES (293, 30, 'Word293', 'Definition of Word293', 'Example of Word293', 'Nghĩa tiếng Việt của Word293', 'word293.mp3');
INSERT INTO Vocabulary (id, topic_id, word, definition, example, meaning_vi, sound) VALUES (294, 30, 'Word294', 'Definition of Word294', 'Example of Word294', 'Nghĩa tiếng Việt của Word294', 'word294.mp3');
INSERT INTO Vocabulary (id, topic_id, word, definition, example, meaning_vi, sound) VALUES (295, 30, 'Word295', 'Definition of Word295', 'Example of Word295', 'Nghĩa tiếng Việt của Word295', 'word295.mp3');
INSERT INTO Vocabulary (id, topic_id, word, definition, example, meaning_vi, sound) VALUES (296, 30, 'Word296', 'Definition of Word296', 'Example of Word296', 'Nghĩa tiếng Việt của Word296', 'word296.mp3');
INSERT INTO Vocabulary (id, topic_id, word, definition, example, meaning_vi, sound) VALUES (297, 30, 'Word297', 'Definition of Word297', 'Example of Word297', 'Nghĩa tiếng Việt của Word297', 'word297.mp3');
INSERT INTO Vocabulary (id, topic_id, word, definition, example, meaning_vi, sound) VALUES (298, 30, 'Word298', 'Definition of Word298', 'Example of Word298', 'Nghĩa tiếng Việt của Word298', 'word298.mp3');
INSERT INTO Vocabulary (id, topic_id, word, definition, example, meaning_vi, sound) VALUES (299, 30, 'Word299', 'Definition of Word299', 'Example of Word299', 'Nghĩa tiếng Việt của Word299', 'word299.mp3');
INSERT INTO Vocabulary (id, topic_id, word, definition, example, meaning_vi, sound) VALUES (300, 30, 'Word300', 'Definition of Word300', 'Example of Word300', 'Nghĩa tiếng Việt của Word300', 'word300.mp3');
INSERT INTO Vocabulary (id, topic_id, word, definition, example, meaning_vi, sound) VALUES (301, 31, 'Word301', 'Definition of Word301', 'Example of Word301', 'Nghĩa tiếng Việt của Word301', 'word301.mp3');
INSERT INTO Vocabulary (id, topic_id, word, definition, example, meaning_vi, sound) VALUES (302, 31, 'Word302', 'Definition of Word302', 'Example of Word302', 'Nghĩa tiếng Việt của Word302', 'word302.mp3');
INSERT INTO Vocabulary (id, topic_id, word, definition, example, meaning_vi, sound) VALUES (303, 31, 'Word303', 'Definition of Word303', 'Example of Word303', 'Nghĩa tiếng Việt của Word303', 'word303.mp3');
INSERT INTO Vocabulary (id, topic_id, word, definition, example, meaning_vi, sound) VALUES (304, 31, 'Word304', 'Definition of Word304', 'Example of Word304', 'Nghĩa tiếng Việt của Word304', 'word304.mp3');
INSERT INTO Vocabulary (id, topic_id, word, definition, example, meaning_vi, sound) VALUES (305, 31, 'Word305', 'Definition of Word305', 'Example of Word305', 'Nghĩa tiếng Việt của Word305', 'word305.mp3');
INSERT INTO Vocabulary (id, topic_id, word, definition, example, meaning_vi, sound) VALUES (306, 31, 'Word306', 'Definition of Word306', 'Example of Word306', 'Nghĩa tiếng Việt của Word306', 'word306.mp3');
INSERT INTO Vocabulary (id, topic_id, word, definition, example, meaning_vi, sound) VALUES (307, 31, 'Word307', 'Definition of Word307', 'Example of Word307', 'Nghĩa tiếng Việt của Word307', 'word307.mp3');
INSERT INTO Vocabulary (id, topic_id, word, definition, example, meaning_vi, sound) VALUES (308, 31, 'Word308', 'Definition of Word308', 'Example of Word308', 'Nghĩa tiếng Việt của Word308', 'word308.mp3');
INSERT INTO Vocabulary (id, topic_id, word, definition, example, meaning_vi, sound) VALUES (309, 31, 'Word309', 'Definition of Word309', 'Example of Word309', 'Nghĩa tiếng Việt của Word309', 'word309.mp3');
INSERT INTO Vocabulary (id, topic_id, word, definition, example, meaning_vi, sound) VALUES (310, 31, 'Word310', 'Definition of Word310', 'Example of Word310', 'Nghĩa tiếng Việt của Word310', 'word310.mp3');
INSERT INTO Vocabulary (id, topic_id, word, definition, example, meaning_vi, sound) VALUES (311, 32, 'Word311', 'Definition of Word311', 'Example of Word311', 'Nghĩa tiếng Việt của Word311', 'word311.mp3');
INSERT INTO Vocabulary (id, topic_id, word, definition, example, meaning_vi, sound) VALUES (312, 32, 'Word312', 'Definition of Word312', 'Example of Word312', 'Nghĩa tiếng Việt của Word312', 'word312.mp3');
INSERT INTO Vocabulary (id, topic_id, word, definition, example, meaning_vi, sound) VALUES (313, 32, 'Word313', 'Definition of Word313', 'Example of Word313', 'Nghĩa tiếng Việt của Word313', 'word313.mp3');
INSERT INTO Vocabulary (id, topic_id, word, definition, example, meaning_vi, sound) VALUES (314, 32, 'Word314', 'Definition of Word314', 'Example of Word314', 'Nghĩa tiếng Việt của Word314', 'word314.mp3');
INSERT INTO Vocabulary (id, topic_id, word, definition, example, meaning_vi, sound) VALUES (315, 32, 'Word315', 'Definition of Word315', 'Example of Word315', 'Nghĩa tiếng Việt của Word315', 'word315.mp3');
INSERT INTO Vocabulary (id, topic_id, word, definition, example, meaning_vi, sound) VALUES (316, 32, 'Word316', 'Definition of Word316', 'Example of Word316', 'Nghĩa tiếng Việt của Word316', 'word316.mp3');
INSERT INTO Vocabulary (id, topic_id, word, definition, example, meaning_vi, sound) VALUES (317, 32, 'Word317', 'Definition of Word317', 'Example of Word317', 'Nghĩa tiếng Việt của Word317', 'word317.mp3');
INSERT INTO Vocabulary (id, topic_id, word, definition, example, meaning_vi, sound) VALUES (318, 32, 'Word318', 'Definition of Word318', 'Example of Word318', 'Nghĩa tiếng Việt của Word318', 'word318.mp3');
INSERT INTO Vocabulary (id, topic_id, word, definition, example, meaning_vi, sound) VALUES (319, 32, 'Word319', 'Definition of Word319', 'Example of Word319', 'Nghĩa tiếng Việt của Word319', 'word319.mp3');
INSERT INTO Vocabulary (id, topic_id, word, definition, example, meaning_vi, sound) VALUES (320, 32, 'Word320', 'Definition of Word320', 'Example of Word320', 'Nghĩa tiếng Việt của Word320', 'word320.mp3');
INSERT INTO Vocabulary (id, topic_id, word, definition, example, meaning_vi, sound) VALUES (321, 33, 'Word321', 'Definition of Word321', 'Example of Word321', 'Nghĩa tiếng Việt của Word321', 'word321.mp3');
INSERT INTO Vocabulary (id, topic_id, word, definition, example, meaning_vi, sound) VALUES (322, 33, 'Word322', 'Definition of Word322', 'Example of Word322', 'Nghĩa tiếng Việt của Word322', 'word322.mp3');
INSERT INTO Vocabulary (id, topic_id, word, definition, example, meaning_vi, sound) VALUES (323, 33, 'Word323', 'Definition of Word323', 'Example of Word323', 'Nghĩa tiếng Việt của Word323', 'word323.mp3');
INSERT INTO Vocabulary (id, topic_id, word, definition, example, meaning_vi, sound) VALUES (324, 33, 'Word324', 'Definition of Word324', 'Example of Word324', 'Nghĩa tiếng Việt của Word324', 'word324.mp3');
INSERT INTO Vocabulary (id, topic_id, word, definition, example, meaning_vi, sound) VALUES (325, 33, 'Word325', 'Definition of Word325', 'Example of Word325', 'Nghĩa tiếng Việt của Word325', 'word325.mp3');
INSERT INTO Vocabulary (id, topic_id, word, definition, example, meaning_vi, sound) VALUES (326, 33, 'Word326', 'Definition of Word326', 'Example of Word326', 'Nghĩa tiếng Việt của Word326', 'word326.mp3');
INSERT INTO Vocabulary (id, topic_id, word, definition, example, meaning_vi, sound) VALUES (327, 33, 'Word327', 'Definition of Word327', 'Example of Word327', 'Nghĩa tiếng Việt của Word327', 'word327.mp3');
INSERT INTO Vocabulary (id, topic_id, word, definition, example, meaning_vi, sound) VALUES (328, 33, 'Word328', 'Definition of Word328', 'Example of Word328', 'Nghĩa tiếng Việt của Word328', 'word328.mp3');
INSERT INTO Vocabulary (id, topic_id, word, definition, example, meaning_vi, sound) VALUES (329, 33, 'Word329', 'Definition of Word329', 'Example of Word329', 'Nghĩa tiếng Việt của Word329', 'word329.mp3');
INSERT INTO Vocabulary (id, topic_id, word, definition, example, meaning_vi, sound) VALUES (330, 33, 'Word330', 'Definition of Word330', 'Example of Word330', 'Nghĩa tiếng Việt của Word330', 'word330.mp3');
INSERT INTO Vocabulary (id, topic_id, word, definition, example, meaning_vi, sound) VALUES (331, 34, 'Word331', 'Definition of Word331', 'Example of Word331', 'Nghĩa tiếng Việt của Word331', 'word331.mp3');
INSERT INTO Vocabulary (id, topic_id, word, definition, example, meaning_vi, sound) VALUES (332, 34, 'Word332', 'Definition of Word332', 'Example of Word332', 'Nghĩa tiếng Việt của Word332', 'word332.mp3');
INSERT INTO Vocabulary (id, topic_id, word, definition, example, meaning_vi, sound) VALUES (333, 34, 'Word333', 'Definition of Word333', 'Example of Word333', 'Nghĩa tiếng Việt của Word333', 'word333.mp3');
INSERT INTO Vocabulary (id, topic_id, word, definition, example, meaning_vi, sound) VALUES (334, 34, 'Word334', 'Definition of Word334', 'Example of Word334', 'Nghĩa tiếng Việt của Word334', 'word334.mp3');
INSERT INTO Vocabulary (id, topic_id, word, definition, example, meaning_vi, sound) VALUES (335, 34, 'Word335', 'Definition of Word335', 'Example of Word335', 'Nghĩa tiếng Việt của Word335', 'word335.mp3');
INSERT INTO Vocabulary (id, topic_id, word, definition, example, meaning_vi, sound) VALUES (336, 34, 'Word336', 'Definition of Word336', 'Example of Word336', 'Nghĩa tiếng Việt của Word336', 'word336.mp3');
INSERT INTO Vocabulary (id, topic_id, word, definition, example, meaning_vi, sound) VALUES (337, 34, 'Word337', 'Definition of Word337', 'Example of Word337', 'Nghĩa tiếng Việt của Word337', 'word337.mp3');
INSERT INTO Vocabulary (id, topic_id, word, definition, example, meaning_vi, sound) VALUES (338, 34, 'Word338', 'Definition of Word338', 'Example of Word338', 'Nghĩa tiếng Việt của Word338', 'word338.mp3');
INSERT INTO Vocabulary (id, topic_id, word, definition, example, meaning_vi, sound) VALUES (339, 34, 'Word339', 'Definition of Word339', 'Example of Word339', 'Nghĩa tiếng Việt của Word339', 'word339.mp3');
INSERT INTO Vocabulary (id, topic_id, word, definition, example, meaning_vi, sound) VALUES (340, 34, 'Word340', 'Definition of Word340', 'Example of Word340', 'Nghĩa tiếng Việt của Word340', 'word340.mp3');
INSERT INTO Vocabulary (id, topic_id, word, definition, example, meaning_vi, sound) VALUES (341, 35, 'Word341', 'Definition of Word341', 'Example of Word341', 'Nghĩa tiếng Việt của Word341', 'word341.mp3');
INSERT INTO Vocabulary (id, topic_id, word, definition, example, meaning_vi, sound) VALUES (342, 35, 'Word342', 'Definition of Word342', 'Example of Word342', 'Nghĩa tiếng Việt của Word342', 'word342.mp3');
INSERT INTO Vocabulary (id, topic_id, word, definition, example, meaning_vi, sound) VALUES (343, 35, 'Word343', 'Definition of Word343', 'Example of Word343', 'Nghĩa tiếng Việt của Word343', 'word343.mp3');
INSERT INTO Vocabulary (id, topic_id, word, definition, example, meaning_vi, sound) VALUES (344, 35, 'Word344', 'Definition of Word344', 'Example of Word344', 'Nghĩa tiếng Việt của Word344', 'word344.mp3');
INSERT INTO Vocabulary (id, topic_id, word, definition, example, meaning_vi, sound) VALUES (345, 35, 'Word345', 'Definition of Word345', 'Example of Word345', 'Nghĩa tiếng Việt của Word345', 'word345.mp3');
INSERT INTO Vocabulary (id, topic_id, word, definition, example, meaning_vi, sound) VALUES (346, 35, 'Word346', 'Definition of Word346', 'Example of Word346', 'Nghĩa tiếng Việt của Word346', 'word346.mp3');
INSERT INTO Vocabulary (id, topic_id, word, definition, example, meaning_vi, sound) VALUES (347, 35, 'Word347', 'Definition of Word347', 'Example of Word347', 'Nghĩa tiếng Việt của Word347', 'word347.mp3');
INSERT INTO Vocabulary (id, topic_id, word, definition, example, meaning_vi, sound) VALUES (348, 35, 'Word348', 'Definition of Word348', 'Example of Word348', 'Nghĩa tiếng Việt của Word348', 'word348.mp3');
INSERT INTO Vocabulary (id, topic_id, word, definition, example, meaning_vi, sound) VALUES (349, 35, 'Word349', 'Definition of Word349', 'Example of Word349', 'Nghĩa tiếng Việt của Word349', 'word349.mp3');
INSERT INTO Vocabulary (id, topic_id, word, definition, example, meaning_vi, sound) VALUES (350, 35, 'Word350', 'Definition of Word350', 'Example of Word350', 'Nghĩa tiếng Việt của Word350', 'word350.mp3');
INSERT INTO Vocabulary (id, topic_id, word, definition, example, meaning_vi, sound) VALUES (351, 36, 'Word351', 'Definition of Word351', 'Example of Word351', 'Nghĩa tiếng Việt của Word351', 'word351.mp3');
INSERT INTO Vocabulary (id, topic_id, word, definition, example, meaning_vi, sound) VALUES (352, 36, 'Word352', 'Definition of Word352', 'Example of Word352', 'Nghĩa tiếng Việt của Word352', 'word352.mp3');
INSERT INTO Vocabulary (id, topic_id, word, definition, example, meaning_vi, sound) VALUES (353, 36, 'Word353', 'Definition of Word353', 'Example of Word353', 'Nghĩa tiếng Việt của Word353', 'word353.mp3');
INSERT INTO Vocabulary (id, topic_id, word, definition, example, meaning_vi, sound) VALUES (354, 36, 'Word354', 'Definition of Word354', 'Example of Word354', 'Nghĩa tiếng Việt của Word354', 'word354.mp3');
INSERT INTO Vocabulary (id, topic_id, word, definition, example, meaning_vi, sound) VALUES (355, 36, 'Word355', 'Definition of Word355', 'Example of Word355', 'Nghĩa tiếng Việt của Word355', 'word355.mp3');
INSERT INTO Vocabulary (id, topic_id, word, definition, example, meaning_vi, sound) VALUES (356, 36, 'Word356', 'Definition of Word356', 'Example of Word356', 'Nghĩa tiếng Việt của Word356', 'word356.mp3');
INSERT INTO Vocabulary (id, topic_id, word, definition, example, meaning_vi, sound) VALUES (357, 36, 'Word357', 'Definition of Word357', 'Example of Word357', 'Nghĩa tiếng Việt của Word357', 'word357.mp3');
INSERT INTO Vocabulary (id, topic_id, word, definition, example, meaning_vi, sound) VALUES (358, 36, 'Word358', 'Definition of Word358', 'Example of Word358', 'Nghĩa tiếng Việt của Word358', 'word358.mp3');
INSERT INTO Vocabulary (id, topic_id, word, definition, example, meaning_vi, sound) VALUES (359, 36, 'Word359', 'Definition of Word359', 'Example of Word359', 'Nghĩa tiếng Việt của Word359', 'word359.mp3');
INSERT INTO Vocabulary (id, topic_id, word, definition, example, meaning_vi, sound) VALUES (360, 36, 'Word360', 'Definition of Word360', 'Example of Word360', 'Nghĩa tiếng Việt của Word360', 'word360.mp3');
INSERT INTO Vocabulary (id, topic_id, word, definition, example, meaning_vi, sound) VALUES (361, 37, 'Word361', 'Definition of Word361', 'Example of Word361', 'Nghĩa tiếng Việt của Word361', 'word361.mp3');
INSERT INTO Vocabulary (id, topic_id, word, definition, example, meaning_vi, sound) VALUES (362, 37, 'Word362', 'Definition of Word362', 'Example of Word362', 'Nghĩa tiếng Việt của Word362', 'word362.mp3');
INSERT INTO Vocabulary (id, topic_id, word, definition, example, meaning_vi, sound) VALUES (363, 37, 'Word363', 'Definition of Word363', 'Example of Word363', 'Nghĩa tiếng Việt của Word363', 'word363.mp3');
INSERT INTO Vocabulary (id, topic_id, word, definition, example, meaning_vi, sound) VALUES (364, 37, 'Word364', 'Definition of Word364', 'Example of Word364', 'Nghĩa tiếng Việt của Word364', 'word364.mp3');
INSERT INTO Vocabulary (id, topic_id, word, definition, example, meaning_vi, sound) VALUES (365, 37, 'Word365', 'Definition of Word365', 'Example of Word365', 'Nghĩa tiếng Việt của Word365', 'word365.mp3');
INSERT INTO Vocabulary (id, topic_id, word, definition, example, meaning_vi, sound) VALUES (366, 37, 'Word366', 'Definition of Word366', 'Example of Word366', 'Nghĩa tiếng Việt của Word366', 'word366.mp3');
INSERT INTO Vocabulary (id, topic_id, word, definition, example, meaning_vi, sound) VALUES (367, 37, 'Word367', 'Definition of Word367', 'Example of Word367', 'Nghĩa tiếng Việt của Word367', 'word367.mp3');
INSERT INTO Vocabulary (id, topic_id, word, definition, example, meaning_vi, sound) VALUES (368, 37, 'Word368', 'Definition of Word368', 'Example of Word368', 'Nghĩa tiếng Việt của Word368', 'word368.mp3');
INSERT INTO Vocabulary (id, topic_id, word, definition, example, meaning_vi, sound) VALUES (369, 37, 'Word369', 'Definition of Word369', 'Example of Word369', 'Nghĩa tiếng Việt của Word369', 'word369.mp3');
INSERT INTO Vocabulary (id, topic_id, word, definition, example, meaning_vi, sound) VALUES (370, 37, 'Word370', 'Definition of Word370', 'Example of Word370', 'Nghĩa tiếng Việt của Word370', 'word370.mp3');
INSERT INTO Vocabulary (id, topic_id, word, definition, example, meaning_vi, sound) VALUES (371, 38, 'Word371', 'Definition of Word371', 'Example of Word371', 'Nghĩa tiếng Việt của Word371', 'word371.mp3');
INSERT INTO Vocabulary (id, topic_id, word, definition, example, meaning_vi, sound) VALUES (372, 38, 'Word372', 'Definition of Word372', 'Example of Word372', 'Nghĩa tiếng Việt của Word372', 'word372.mp3');
INSERT INTO Vocabulary (id, topic_id, word, definition, example, meaning_vi, sound) VALUES (373, 38, 'Word373', 'Definition of Word373', 'Example of Word373', 'Nghĩa tiếng Việt của Word373', 'word373.mp3');
INSERT INTO Vocabulary (id, topic_id, word, definition, example, meaning_vi, sound) VALUES (374, 38, 'Word374', 'Definition of Word374', 'Example of Word374', 'Nghĩa tiếng Việt của Word374', 'word374.mp3');
INSERT INTO Vocabulary (id, topic_id, word, definition, example, meaning_vi, sound) VALUES (375, 38, 'Word375', 'Definition of Word375', 'Example of Word375', 'Nghĩa tiếng Việt của Word375', 'word375.mp3');
INSERT INTO Vocabulary (id, topic_id, word, definition, example, meaning_vi, sound) VALUES (376, 38, 'Word376', 'Definition of Word376', 'Example of Word376', 'Nghĩa tiếng Việt của Word376', 'word376.mp3');
INSERT INTO Vocabulary (id, topic_id, word, definition, example, meaning_vi, sound) VALUES (377, 38, 'Word377', 'Definition of Word377', 'Example of Word377', 'Nghĩa tiếng Việt của Word377', 'word377.mp3');
INSERT INTO Vocabulary (id, topic_id, word, definition, example, meaning_vi, sound) VALUES (378, 38, 'Word378', 'Definition of Word378', 'Example of Word378', 'Nghĩa tiếng Việt của Word378', 'word378.mp3');
INSERT INTO Vocabulary (id, topic_id, word, definition, example, meaning_vi, sound) VALUES (379, 38, 'Word379', 'Definition of Word379', 'Example of Word379', 'Nghĩa tiếng Việt của Word379', 'word379.mp3');
INSERT INTO Vocabulary (id, topic_id, word, definition, example, meaning_vi, sound) VALUES (380, 38, 'Word380', 'Definition of Word380', 'Example of Word380', 'Nghĩa tiếng Việt của Word380', 'word380.mp3');
INSERT INTO Vocabulary (id, topic_id, word, definition, example, meaning_vi, sound) VALUES (381, 39, 'Word381', 'Definition of Word381', 'Example of Word381', 'Nghĩa tiếng Việt của Word381', 'word381.mp3');
INSERT INTO Vocabulary (id, topic_id, word, definition, example, meaning_vi, sound) VALUES (382, 39, 'Word382', 'Definition of Word382', 'Example of Word382', 'Nghĩa tiếng Việt của Word382', 'word382.mp3');
INSERT INTO Vocabulary (id, topic_id, word, definition, example, meaning_vi, sound) VALUES (383, 39, 'Word383', 'Definition of Word383', 'Example of Word383', 'Nghĩa tiếng Việt của Word383', 'word383.mp3');
INSERT INTO Vocabulary (id, topic_id, word, definition, example, meaning_vi, sound) VALUES (384, 39, 'Word384', 'Definition of Word384', 'Example of Word384', 'Nghĩa tiếng Việt của Word384', 'word384.mp3');
INSERT INTO Vocabulary (id, topic_id, word, definition, example, meaning_vi, sound) VALUES (385, 39, 'Word385', 'Definition of Word385', 'Example of Word385', 'Nghĩa tiếng Việt của Word385', 'word385.mp3');
INSERT INTO Vocabulary (id, topic_id, word, definition, example, meaning_vi, sound) VALUES (386, 39, 'Word386', 'Definition of Word386', 'Example of Word386', 'Nghĩa tiếng Việt của Word386', 'word386.mp3');
INSERT INTO Vocabulary (id, topic_id, word, definition, example, meaning_vi, sound) VALUES (387, 39, 'Word387', 'Definition of Word387', 'Example of Word387', 'Nghĩa tiếng Việt của Word387', 'word387.mp3');
INSERT INTO Vocabulary (id, topic_id, word, definition, example, meaning_vi, sound) VALUES (388, 39, 'Word388', 'Definition of Word388', 'Example of Word388', 'Nghĩa tiếng Việt của Word388', 'word388.mp3');
INSERT INTO Vocabulary (id, topic_id, word, definition, example, meaning_vi, sound) VALUES (389, 39, 'Word389', 'Definition of Word389', 'Example of Word389', 'Nghĩa tiếng Việt của Word389', 'word389.mp3');
INSERT INTO Vocabulary (id, topic_id, word, definition, example, meaning_vi, sound) VALUES (390, 39, 'Word390', 'Definition of Word390', 'Example of Word390', 'Nghĩa tiếng Việt của Word390', 'word390.mp3');
INSERT INTO Vocabulary (id, topic_id, word, definition, example, meaning_vi, sound) VALUES (391, 40, 'Word391', 'Definition of Word391', 'Example of Word391', 'Nghĩa tiếng Việt của Word391', 'word391.mp3');
INSERT INTO Vocabulary (id, topic_id, word, definition, example, meaning_vi, sound) VALUES (392, 40, 'Word392', 'Definition of Word392', 'Example of Word392', 'Nghĩa tiếng Việt của Word392', 'word392.mp3');
INSERT INTO Vocabulary (id, topic_id, word, definition, example, meaning_vi, sound) VALUES (393, 40, 'Word393', 'Definition of Word393', 'Example of Word393', 'Nghĩa tiếng Việt của Word393', 'word393.mp3');
INSERT INTO Vocabulary (id, topic_id, word, definition, example, meaning_vi, sound) VALUES (394, 40, 'Word394', 'Definition of Word394', 'Example of Word394', 'Nghĩa tiếng Việt của Word394', 'word394.mp3');
INSERT INTO Vocabulary (id, topic_id, word, definition, example, meaning_vi, sound) VALUES (395, 40, 'Word395', 'Definition of Word395', 'Example of Word395', 'Nghĩa tiếng Việt của Word395', 'word395.mp3');
INSERT INTO Vocabulary (id, topic_id, word, definition, example, meaning_vi, sound) VALUES (396, 40, 'Word396', 'Definition of Word396', 'Example of Word396', 'Nghĩa tiếng Việt của Word396', 'word396.mp3');
INSERT INTO Vocabulary (id, topic_id, word, definition, example, meaning_vi, sound) VALUES (397, 40, 'Word397', 'Definition of Word397', 'Example of Word397', 'Nghĩa tiếng Việt của Word397', 'word397.mp3');
INSERT INTO Vocabulary (id, topic_id, word, definition, example, meaning_vi, sound) VALUES (398, 40, 'Word398', 'Definition of Word398', 'Example of Word398', 'Nghĩa tiếng Việt của Word398', 'word398.mp3');
INSERT INTO Vocabulary (id, topic_id, word, definition, example, meaning_vi, sound) VALUES (399, 40, 'Word399', 'Definition of Word399', 'Example of Word399', 'Nghĩa tiếng Việt của Word399', 'word399.mp3');
INSERT INTO Vocabulary (id, topic_id, word, definition, example, meaning_vi, sound) VALUES (400, 40, 'Word400', 'Definition of Word400', 'Example of Word400', 'Nghĩa tiếng Việt của Word400', 'word400.mp3');
UPDATE Topic SET word_count = (SELECT COUNT(*) FROM Vocabulary WHERE Vocabulary.topic_id = Topic.id);
UPDATE Course SET word_count = (SELECT SUM(word_count) FROM Topic WHERE Topic.course_id = Course.id);